id,body,ccm,code,color,door,fuel,manufacturer,mile,model,power,price,speed,year,zip
42,coupe,1600,285,yellow,2,gasoline,bmw,44271,316i,102,27699,183,1996,1
46,sedan,1600,689,turquoise,4,gasoline,bmw,38618,316i,102,25899,183,1994,1
138,fastback,1600,6,dark_red,2,gasoline,bmw,53714,316i,102,25599,183,1995,6
153,coupe,1600,705,blue,2,gasoline,bmw,37739,316i,102,29199,183,1996,6
156,station_wagon,1600,554,gray,5,gasoline,bmw,77181,316i,102,20999,183,1996,9
180,fastback,1600,695,yellow,2,gasoline,bmw,9975,316i,102,36799,183,1997,1
192,station_wagon,1600,410,red,5,gasoline,bmw,51888,316i,102,25999,183,1996,3
210,sedan,1600,288,green,4,gasoline,bmw,40306,316i,102,28599,183,1996,4
221,fastback,1600,596,white,2,gasoline,bmw,33602,316i,102,30199,183,1996,1
275,sedan,1600,637,violet,4,gasoline,bmw,138445,316i,102,12599,183,1995,1
296,coupe,1600,693,blue,2,gasoline,bmw,177840,316i,102,9099,183,1994,4
314,coupe,1600,161,turquoise,2,gasoline,bmw,64899,316i,102,23299,183,1995,4
403,station_wagon,1600,179,orange,5,gasoline,bmw,50043,316i,102,26399,183,1996,8
449,station_wagon,1600,621,dark_blue,5,gasoline,bmw,129389,316i,102,13599,183,1995,4
483,sedan,1600,420,green,4,gasoline,bmw,64344,316i,102,23399,183,1996,5
521,station_wagon,1600,319,black,5,gasoline,bmw,123005,316i,102,14399,183,1995,1
630,fastback,1600,76,black,2,gasoline,bmw,48849,316i,102,26599,183,1995,9
634,coupe,1600,752,yellow,2,gasoline,bmw,9544,316i,102,36899,183,1997,7
666,station_wagon,1600,253,turquoise,5,gasoline,bmw,66172,316i,102,22999,183,1995,8
676,fastback,1600,419,yellow,2,gasoline,bmw,79144,316i,102,20699,183,1995,2
843,sedan,1600,957,violet,4,gasoline,bmw,36859,316i,102,29399,183,1996,2
872,fastback,1600,687,white,2,gasoline,bmw,8811,316i,102,37199,183,1997,9
875,sedan,1600,945,gray,4,gasoline,bmw,3548,316i,102,38799,183,1997,8
878,coupe,1600,644,dark_red,2,gasoline,bmw,150744,316i,102,11399,183,1994,8
892,fastback,1600,917,turquoise,2,gasoline,bmw,74309,316i,102,21499,183,1996,6
922,sedan,1600,859,yellow,4,gasoline,bmw,100831,316i,102,17299,183,1995,2
57,station_wagon,1800,731,dark_gray,5,gasoline,bmw,45809,318i,115,30699,183,1995,1
58,sedan,1800,206,black,4,gasoline,bmw,1621,318i,115,44199,183,1997,2
77,coupe,1800,196,gray,2,gasoline,bmw,22901,318i,115,30699,183,1995,4
82,station_wagon,1800,50,red,5,gasoline,bmw,86248,318i,115,21899,183,1995,9
134,convertible,1800,268,dark_red,2,gasoline,bmw,110616,318i,115,17899,183,1995,2
171,sedan,1800,712,green,4,gasoline,bmw,11463,318i,115,38399,183,1996,5
208,fastback,1800,52,red,2,gasoline,bmw,173794,318i,115,10599,183,1994,6
248,sedan,1800,519,dark_green,4,gasoline,bmw,10056,318i,115,41399,183,1997,8
285,fastback,1800,324,yellow,2,gasoline,bmw,80039,318i,115,23099,183,1995,5
293,coupe,1800,8,light_gray,2,gasoline,bmw,12428,318i,115,39099,183,1996,5
311,sedan,1800,234,yellow,4,gasoline,bmw,95743,318i,115,20299,183,1994,2
345,convertible,1800,862,green,2,gasoline,bmw,82747,318i,115,22599,183,1994,7
386,convertible,1800,38,gray,2,gasoline,bmw,184314,318i,115,9699,183,1994,7
476,sedan,1800,9,dark_gray,4,gasoline,bmw,43979,318i,115,30399,183,1995,6
561,coupe,1800,583,dark_green,2,gasoline,bmw,21797,318i,115,34599,183,1995,1
563,coupe,1800,397,white,2,gasoline,bmw,41832,318i,115,31799,183,1995,1
568,convertible,1800,745,gray,2,gasoline,bmw,37532,318i,115,32899,183,1996,1
611,sedan,1800,10,light_gray,4,gasoline,bmw,120039,318i,115,16499,183,1995,6
665,sedan,1800,73,blue,4,gasoline,bmw,45092,318i,115,30899,183,1996,8
708,convertible,1800,468,blue,2,gasoline,bmw,6191,318i,115,42699,183,1997,2
751,fastback,1800,782,violet,2,gasoline,bmw,11168,318i,115,40999,183,1997,2
836,station_wagon,1800,817,violet,5,gasoline,bmw,162073,318i,115,11699,183,1995,6
869,coupe,1800,228,dark_red,2,gasoline,bmw,81641,318i,115,22799,183,1995,8
898,coupe,1800,70,dark_blue,2,gasoline,bmw,13756,318i,115,40099,183,1996,2
903,coupe,1800,542,yellow,2,gasoline,bmw,16492,318i,115,39199,183,1996,9
948,convertible,1800,743,dark_red,2,gasoline,bmw,89737,318i,115,21299,183,1995,3
9,coupe,3200,304,red,2,gasoline,bmw,177642,320i,150,11399,241,1995,6
24,coupe,3200,939,anthracite,2,gasoline,bmw,90995,320i,150,23399,241,1996,9
61,convertible,3200,28,violet,2,gasoline,bmw,47531,320i,150,33599,241,1996,4
84,sedan,3200,269,black,4,gasoline,bmw,21365,320i,150,41799,241,1996,0
91,coupe,3200,376,green,2,gasoline,bmw,66828,320i,150,28599,241,1994,2
137,sedan,3200,446,silver,4,gasoline,bmw,143126,320i,150,15199,241,1995,4
142,sedan,3200,330,orange,4,gasoline,bmw,53225,320i,150,32099,241,1996,8
147,convertible,3200,795,black,2,gasoline,bmw,122819,320i,150,17999,241,1995,8
183,coupe,3200,3,dark_red,2,gasoline,bmw,31802,320i,150,33299,241,1995,7
197,coupe,3200,869,dark_red,2,gasoline,bmw,44784,320i,150,34399,241,1996,1
229,sedan,3200,374,green,4,gasoline,bmw,70455,320i,150,27799,241,1996,4
251,convertible,3200,460,yellow,2,gasoline,bmw,134275,320i,150,16299,241,1994,6
252,coupe,3200,363,yellow,2,gasoline,bmw,122794,320i,150,17999,241,1995,5
382,convertible,3200,461,violet,2,gasoline,bmw,116468,320i,150,18899,241,1995,2
404,coupe,3200,264,red,2,gasoline,bmw,133514,320i,150,16399,241,1995,6
424,sedan,3200,261,light_gray,4,gasoline,bmw,41079,320i,150,35499,241,1996,4
425,coupe,3200,791,dark_gray,2,gasoline,bmw,7068,320i,150,46199,241,1997,2
466,sedan,3200,379,white,4,gasoline,bmw,34459,320i,150,37499,241,1995,2
600,station_wagon,3200,512,green,5,gasoline,bmw,11878,320i,150,45299,241,1997,6
603,convertible,3200,327,black,2,gasoline,bmw,17334,320i,150,43299,241,1997,4
765,convertible,3200,499,gray,2,gasoline,bmw,14135,320i,150,44399,241,1996,1
773,sedan,2000,613,silver,4,gasoline,bmw,8078,320i,150,44199,241,1996,6
784,sedan,3200,115,silver,4,gasoline,bmw,2798,320i,150,47999,241,1997,7
799,coupe,3200,913,dark_blue,2,gasoline,bmw,2827,320i,150,48099,241,1997,1
817,coupe,3200,301,yellow,2,gasoline,bmw,173374,320i,150,11799,241,1995,9
820,sedan,3200,756,dark_gray,4,gasoline,bmw,24008,320i,150,31999,241,1994,8
850,station_wagon,3200,183,dark_red,5,gasoline,bmw,3233,320i,150,46699,241,1997,4
868,coupe,3200,155,orange,2,gasoline,bmw,15741,320i,150,43899,241,1997,6
918,coupe,3200,557,green,2,gasoline,bmw,56386,320i,150,31299,241,1995,3
35,coupe,2300,375,dark_green,2,gasoline,bmw,38372,323i,170,38499,197,1996,1
55,fastback,2300,947,blue,2,gasoline,bmw,169899,323i,170,12899,197,1995,5
112,sedan,2300,713,turquoise,4,gasoline,bmw,1763,323i,170,51299,197,1997,3
161,sedan,2300,546,red,4,gasoline,bmw,23523,323i,170,43599,197,1996,6
205,sedan,2300,453,blue,4,gasoline,bmw,86292,323i,170,25799,197,1995,5
211,fastback,2300,151,dark_blue,2,gasoline,bmw,4296,323i,170,51099,197,1997,2
243,fastback,2300,553,yellow,2,gasoline,bmw,69391,323i,170,29699,197,1995,6
330,sedan,2300,451,turquoise,4,gasoline,bmw,43140,323i,170,36999,197,1995,4
340,coupe,2300,720,dark_blue,2,gasoline,bmw,32034,323i,170,37599,197,1995,3
351,sedan,2300,121,turquoise,4,gasoline,bmw,118883,323i,170,19699,197,1994,1
366,coupe,2300,260,orange,2,gasoline,bmw,14314,323i,170,44399,197,1996,1
440,fastback,2300,590,turquoise,2,gasoline,bmw,24751,323i,170,43099,197,1996,3
501,coupe,2300,837,red,2,gasoline,bmw,91503,323i,170,24699,197,1996,0
506,fastback,2300,495,turquoise,2,gasoline,bmw,7964,323i,170,47499,197,1996,5
590,sedan,2300,690,white,4,gasoline,bmw,23114,323i,170,43699,197,1997,0
647,station_wagon,2300,503,black,5,gasoline,bmw,94789,323i,170,24099,197,1995,5
648,coupe,2300,202,dark_green,2,gasoline,bmw,32205,323i,170,40499,197,1997,3
656,coupe,2300,896,turquoise,2,gasoline,bmw,49149,323i,170,35199,197,1996,1
688,sedan,2300,654,white,4,gasoline,bmw,68616,323i,170,29899,197,1995,3
691,sedan,2300,496,yellow,4,gasoline,bmw,20146,323i,170,43499,197,1996,9
694,fastback,2300,74,gray,2,gasoline,bmw,29442,323i,170,37099,197,1995,6
754,station_wagon,2300,870,dark_green,5,gasoline,bmw,86363,323i,170,25799,197,1995,5
755,fastback,2300,928,dark_blue,2,gasoline,bmw,173401,323i,170,12499,197,1994,2
768,sedan,2300,885,silver,4,gasoline,bmw,93660,323i,170,24299,197,1994,3
807,sedan,2300,502,dark_green,4,gasoline,bmw,5195,323i,170,47699,197,1996,5
824,sedan,2300,412,dark_red,4,gasoline,bmw,25996,323i,170,42699,197,1996,6
832,fastback,2300,186,orange,2,gasoline,bmw,103836,323i,170,22299,197,1994,0
835,sedan,2300,914,orange,4,gasoline,bmw,25058,323i,170,38699,197,1995,2
900,coupe,2300,370,dark_red,2,gasoline,bmw,61419,323i,170,31799,197,1996,4
912,station_wagon,2300,887,black,5,gasoline,bmw,207324,323i,170,9399,197,1994,1
913,fastback,2300,844,white,2,gasoline,bmw,114846,323i,170,20399,197,1995,4
949,fastback,2300,585,dark_gray,2,gasoline,bmw,81111,323i,170,26999,197,1995,4
30,sedan,2500,448,red,4,diesel,bmw,182876,325td,115,10899,203,1994,2
127,sedan,2500,2,dark_red,4,diesel,bmw,66474,325td,115,28699,203,1995,8
207,sedan,2500,95,light_gray,4,diesel,bmw,103768,325td,115,21099,203,1994,2
217,station_wagon,2500,732,dark_gray,5,diesel,bmw,118450,325td,115,18599,203,1995,4
273,sedan,2500,661,dark_blue,4,diesel,bmw,140070,325td,115,15599,203,1994,8
317,sedan,2500,951,light_gray,4,diesel,bmw,8593,325td,115,46499,203,1997,8
324,sedan,2500,266,light_gray,4,diesel,bmw,132948,325td,115,16499,203,1994,8
367,station_wagon,2500,790,dark_green,5,diesel,bmw,24911,325td,115,36499,203,1995,7
381,sedan,2500,160,black,4,diesel,bmw,30929,325td,115,38599,203,1996,0
408,station_wagon,2500,233,turquoise,5,diesel,bmw,84426,325td,115,24699,203,1995,7
410,sedan,2500,764,green,4,diesel,bmw,24453,325td,115,40799,203,1996,9
430,sedan,2500,520,dark_green,4,diesel,bmw,151534,325td,115,14099,203,1995,6
439,station_wagon,2500,578,dark_blue,5,diesel,bmw,16251,325td,115,35999,203,1995,6
511,station_wagon,2500,576,dark_red,5,diesel,bmw,29484,325td,115,39099,203,1996,7
540,sedan,2500,432,orange,4,diesel,bmw,57997,325td,115,30799,203,1995,4
565,sedan,2500,494,green,4,diesel,bmw,84687,325td,115,24699,203,1995,3
721,station_wagon,2500,444,dark_blue,5,diesel,bmw,36982,325td,115,36699,203,1995,4
761,sedan,2500,298,blue,4,diesel,bmw,46225,325td,115,33999,203,1996,4
806,station_wagon,2500,372,red,5,diesel,bmw,50313,325td,115,32899,203,1995,9
849,station_wagon,2500,772,turquoise,5,diesel,bmw,27324,325td,115,35099,203,1995,5
885,station_wagon,2500,759,gray,5,diesel,bmw,49288,325td,115,30399,203,1994,6
32,sedan,2500,650,orange,4,diesel,bmw,154298,325tds,142,14399,203,1995,0
92,sedan,2500,634,dark_gray,4,diesel,bmw,32618,325tds,142,32299,203,1994,8
109,station_wagon,2500,365,dark_green,5,diesel,bmw,6413,325tds,142,45999,203,1996,4
157,sedan,2500,481,green,4,diesel,bmw,48398,325tds,142,34699,203,1995,3
223,station_wagon,2500,626,turquoise,5,diesel,bmw,43230,325tds,142,36299,203,1996,3
250,sedan,2500,177,turquoise,4,diesel,bmw,130639,325tds,142,17499,203,1995,8
303,station_wagon,2500,251,orange,5,diesel,bmw,60669,325tds,142,31399,203,1996,1
465,station_wagon,2500,220,dark_red,5,diesel,bmw,82389,325tds,142,26199,203,1995,6
503,sedan,2500,592,red,4,diesel,bmw,6947,325tds,142,49099,203,1997,9
672,sedan,2500,273,dark_green,4,diesel,bmw,63955,325tds,142,30499,203,1994,6
709,sedan,2500,860,light_gray,4,diesel,bmw,15610,325tds,142,45699,203,1996,4
770,station_wagon,2500,788,dark_gray,5,diesel,bmw,33003,325tds,142,37399,203,1995,2
796,sedan,2500,16,turquoise,4,diesel,bmw,25976,325tds,142,41899,203,1996,7
70,coupe,2800,127,turquoise,2,gasoline,bmw,93950,328i,193,26499,213,1994,2
154,coupe,2800,880,yellow,2,gasoline,bmw,21277,328i,193,48599,213,1996,5
173,station_wagon,2800,187,white,5,gasoline,bmw,60484,328i,193,34999,213,1995,5
281,coupe,2800,78,dark_green,2,gasoline,bmw,39044,328i,193,41899,213,1995,5
302,convertible,2800,106,black,2,gasoline,bmw,182884,328i,193,12599,213,1994,5
312,coupe,2800,131,dark_blue,2,gasoline,bmw,50415,328i,193,37899,213,1994,5
331,sedan,2800,265,turquoise,4,gasoline,bmw,55671,328i,193,36499,213,1995,1
333,coupe,2800,176,light_gray,2,gasoline,bmw,127850,328i,193,19999,213,1995,5
342,station_wagon,2800,62,dark_green,5,gasoline,bmw,18884,328i,193,48399,213,1996,2
356,sedan,2800,935,silver,4,gasoline,bmw,143505,328i,193,17499,213,1995,0
362,sedan,2800,105,dark_green,4,gasoline,bmw,23479,328i,193,47699,213,1996,1
415,station_wagon,2800,65,red,5,gasoline,bmw,132869,328i,193,19199,213,1994,8
427,coupe,2800,635,dark_red,2,gasoline,bmw,53089,328i,193,37299,213,1996,4
442,sedan,2800,321,violet,4,gasoline,bmw,28204,328i,193,45899,213,1996,1
498,coupe,2800,235,orange,2,gasoline,bmw,82996,328i,193,28999,213,1994,2
520,coupe,2800,746,orange,2,gasoline,bmw,84268,328i,193,28699,213,1994,4
532,convertible,2800,58,orange,2,gasoline,bmw,2713,328i,193,56399,213,1997,4
620,sedan,2800,353,dark_gray,4,gasoline,bmw,77349,328i,193,30399,213,1995,6
622,coupe,2800,396,red,2,gasoline,bmw,56065,328i,193,36399,213,1995,8
658,sedan,2800,69,orange,4,gasoline,bmw,4262,328i,193,55999,213,1997,7
734,convertible,2800,831,blue,2,gasoline,bmw,50357,328i,193,38099,213,1996,9
848,station_wagon,2800,128,gray,5,gasoline,bmw,2100,328i,193,56099,213,1997,3
860,convertible,2800,558,turquoise,2,gasoline,bmw,57694,328i,193,35899,213,1996,8
871,convertible,2800,716,dark_gray,2,gasoline,bmw,34746,328i,193,43399,213,1996,6
891,convertible,2800,283,red,2,gasoline,bmw,13744,328i,193,51699,213,1997,5
894,convertible,2800,701,dark_red,2,gasoline,bmw,72435,328i,193,31699,213,1996,0
929,sedan,2800,341,dark_green,4,gasoline,bmw,3606,328i,193,56299,213,1997,3
136,station_wagon,2000,551,green,5,gasoline,bmw,41704,520i,150,39299,183,1995,5
194,station_wagon,2000,5,black,5,gasoline,bmw,32292,520i,150,43599,183,1996,9
242,sedan,2000,474,dark_green,4,gasoline,bmw,107844,520i,150,23199,183,1994,5
260,sedan,2000,533,dark_gray,4,gasoline,bmw,4452,520i,150,54199,183,1997,9
343,station_wagon,2000,250,dark_blue,5,gasoline,bmw,142652,520i,150,17399,183,1995,4
344,station_wagon,2000,607,green,5,gasoline,bmw,155407,520i,150,15599,183,1995,8
354,sedan,2000,952,dark_red,4,gasoline,bmw,132628,520i,150,18899,183,1994,4
406,sedan,2000,136,dark_gray,4,gasoline,bmw,60893,520i,150,34299,183,1996,2
429,sedan,2000,377,silver,4,gasoline,bmw,98181,520i,150,25199,183,1994,4
517,sedan,2000,754,gray,4,gasoline,bmw,84867,520i,150,28099,183,1996,1
560,station_wagon,2000,672,yellow,5,gasoline,bmw,143305,520i,150,17299,183,1995,4
718,sedan,2000,185,dark_blue,4,gasoline,bmw,52910,520i,150,36699,183,1995,2
725,sedan,2000,371,violet,4,gasoline,bmw,7358,520i,150,53599,183,1997,8
753,sedan,2000,340,violet,4,gasoline,bmw,143750,520i,150,17199,183,1994,2
812,sedan,2000,741,light_gray,4,gasoline,bmw,14812,520i,150,48699,183,1996,3
936,station_wagon,2000,944,gray,5,gasoline,bmw,32042,520i,150,43599,183,1996,7
952,station_wagon,2000,700,orange,5,gasoline,bmw,186068,520i,150,12099,183,1994,1
8,sedan,2300,126,yellow,4,gasoline,bmw,90795,523i,170,28599,197,1995,6
26,station_wagon,2300,642,violet,5,gasoline,bmw,165230,523i,170,15399,197,1994,6
102,sedan,2300,538,black,4,gasoline,bmw,35784,523i,170,38599,197,1994,6
133,sedan,2300,88,violet,4,gasoline,bmw,108838,523i,170,24599,197,1995,5
199,sedan,2300,123,anthracite,4,gasoline,bmw,130378,523i,170,20599,197,1995,1
277,station_wagon,2300,580,dark_green,5,gasoline,bmw,150174,523i,170,17499,197,1995,2
337,sedan,2300,192,black,4,gasoline,bmw,66469,523i,170,35099,197,1996,2
348,station_wagon,2300,7,gray,5,gasoline,bmw,11230,523i,170,55599,197,1997,0
392,sedan,2300,736,black,4,gasoline,bmw,91720,523i,170,28399,197,1996,4
411,station_wagon,2300,349,dark_red,5,gasoline,bmw,82181,523i,170,30799,197,1996,5
438,station_wagon,2300,191,dark_green,5,gasoline,bmw,28663,523i,170,47999,197,1996,8
474,station_wagon,2300,91,black,5,gasoline,bmw,106134,523i,170,25199,197,1995,1
522,station_wagon,2300,343,dark_red,5,gasoline,bmw,6895,523i,170,57599,197,1997,4
541,station_wagon,2300,75,turquoise,5,gasoline,bmw,51254,523i,170,39799,197,1995,0
546,sedan,2300,522,green,4,gasoline,bmw,7456,523i,170,57299,197,1997,7
552,sedan,2300,409,silver,4,gasoline,bmw,26259,523i,170,48999,197,1997,8
625,station_wagon,2300,497,orange,5,gasoline,bmw,50309,523i,170,37799,197,1994,2
715,sedan,2300,389,black,4,gasoline,bmw,39054,523i,170,41499,197,1995,8
811,station_wagon,2300,555,gray,5,gasoline,bmw,32968,523i,170,46299,197,1996,3
926,sedan,2300,257,red,4,gasoline,bmw,25693,523i,170,40199,197,1994,5
56,sedan,2500,439,blue,4,diesel,bmw,36929,525tds,142,44099,203,1996,8
65,sedan,2500,133,yellow,4,diesel,bmw,70747,525tds,142,33299,203,1994,2
88,sedan,2500,778,violet,4,diesel,bmw,115733,525tds,142,22899,203,1995,4
89,sedan,2500,956,red,4,diesel,bmw,53298,525tds,142,38499,203,1996,2
140,station_wagon,2500,624,dark_red,5,diesel,bmw,159940,525tds,142,15799,203,1994,7
144,station_wagon,2500,403,black,5,diesel,bmw,25811,525tds,142,48299,203,1996,0
195,sedan,2500,631,red,4,diesel,bmw,25412,525tds,142,45299,203,1995,7
204,station_wagon,2500,697,dark_red,5,diesel,bmw,72476,525tds,142,32799,203,1995,0
341,sedan,2500,623,dark_red,4,diesel,bmw,24969,525tds,142,41799,203,1995,3
500,station_wagon,2500,664,dark_gray,5,diesel,bmw,16218,525tds,142,47799,203,1996,5
508,station_wagon,2500,681,green,5,diesel,bmw,21037,525tds,142,48599,203,1996,3
558,sedan,2500,761,dark_green,4,diesel,bmw,75519,525tds,142,31999,203,1996,7
571,station_wagon,2500,763,silver,5,diesel,bmw,105608,525tds,142,24899,203,1995,3
826,sedan,2500,628,anthracite,4,diesel,bmw,103123,525tds,142,25399,203,1996,5
890,station_wagon,2500,13,white,5,diesel,bmw,65071,525tds,142,34899,203,1995,0
920,station_wagon,2500,429,light_gray,5,diesel,bmw,115273,525tds,142,22999,203,1995,4
22,sedan,2800,35,dark_gray,4,gasoline,bmw,73783,528i,193,36799,213,1995,2
119,sedan,2800,651,black,4,gasoline,bmw,200396,528i,193,12799,213,1994,8
239,station_wagon,2800,218,white,5,gasoline,bmw,111519,528i,193,26799,213,1995,6
332,station_wagon,2800,808,dark_red,5,gasoline,bmw,50064,528i,193,44799,213,1996,8
363,station_wagon,2800,406,yellow,5,gasoline,bmw,131037,528i,193,22799,213,1994,0
379,station_wagon,2800,137,light_gray,5,gasoline,bmw,46073,528i,193,46299,213,1996,8
451,sedan,2800,79,black,4,gasoline,bmw,17820,528i,193,55199,213,1996,6
485,station_wagon,2800,391,dark_gray,5,gasoline,bmw,17861,528i,193,46899,213,1995,3
518,sedan,2800,940,dark_blue,4,gasoline,bmw,161210,528i,193,17699,213,1995,8
598,sedan,2800,899,dark_red,4,gasoline,bmw,87943,528i,193,32699,213,1994,0
627,station_wagon,2800,594,blue,5,gasoline,bmw,27277,528i,193,44899,213,1995,8
705,station_wagon,2800,933,dark_blue,5,gasoline,bmw,179649,528i,193,15199,213,1994,6
744,station_wagon,2800,718,turquoise,5,gasoline,bmw,24049,528i,193,55699,213,1996,1
793,sedan,2800,717,blue,4,gasoline,bmw,21862,528i,193,50199,213,1995,8
946,station_wagon,2800,786,dark_green,5,gasoline,bmw,126678,528i,193,23699,213,1995,6
40,sedan,3500,277,black,4,gasoline,bmw,42808,535i,235,57399,183,1996,3
54,sedan,3500,43,dark_green,4,gasoline,bmw,25044,535i,235,61499,183,1995,8
87,sedan,3500,528,dark_blue,4,gasoline,bmw,19406,535i,235,69799,183,1997,2
282,station_wagon,3500,421,silver,5,gasoline,bmw,60825,535i,235,49399,183,1996,5
416,sedan,3500,477,blue,4,gasoline,bmw,61302,535i,235,49199,183,1995,6
445,sedan,3500,620,yellow,4,gasoline,bmw,57468,535i,235,50799,183,1996,1
514,sedan,3500,665,gray,4,gasoline,bmw,19446,535i,235,58199,183,1995,8
646,sedan,3500,245,violet,4,gasoline,bmw,1752,535i,235,79999,183,1997,1
678,station_wagon,3500,826,blue,5,gasoline,bmw,11919,535i,235,64699,183,1996,5
730,station_wagon,3500,711,dark_red,5,gasoline,bmw,106543,535i,235,33699,183,1995,4
935,sedan,3500,457,anthracite,4,gasoline,bmw,66219,535i,235,47199,183,1996,3
942,station_wagon,3500,658,red,5,gasoline,bmw,33066,535i,235,62299,183,1996,4
7,station_wagon,4000,4,dark_green,5,gasoline,bmw,9874,540i,285,87499,252,1997,1
168,station_wagon,4000,518,yellow,5,gasoline,bmw,112816,540i,285,37099,252,1995,7
226,sedan,4000,954,silver,4,gasoline,bmw,67534,540i,285,54099,252,1996,4
236,sedan,4000,769,black,4,gasoline,bmw,10345,540i,285,81899,252,1996,4
272,sedan,4000,509,yellow,4,gasoline,bmw,145955,540i,285,28199,252,1995,7
370,sedan,4000,920,orange,4,gasoline,bmw,126076,540i,285,33199,252,1995,8
388,sedan,4000,677,dark_red,4,gasoline,bmw,28083,540i,285,75199,252,1997,6
396,sedan,4000,892,orange,4,gasoline,bmw,78207,540i,285,49499,252,1995,2
423,sedan,4000,236,black,4,gasoline,bmw,16308,540i,285,76899,252,1996,5
512,station_wagon,4000,479,light_gray,5,gasoline,bmw,23475,540i,285,68499,252,1995,8
700,station_wagon,4000,781,violet,5,gasoline,bmw,29469,540i,285,74299,252,1997,3
766,sedan,4000,541,violet,4,gasoline,bmw,9180,540i,285,78899,252,1996,7
782,sedan,4000,281,light_gray,4,gasoline,bmw,33211,540i,285,71999,252,1997,0
905,station_wagon,4000,356,orange,5,gasoline,bmw,7134,540i,285,84299,252,1996,5
906,sedan,4000,141,white,4,gasoline,bmw,72996,540i,285,51699,252,1995,4
933,station_wagon,4000,113,light_gray,5,gasoline,bmw,7599,540i,285,88599,252,1997,3
2,station_wagon,1600,108,turquoise,5,gasoline,audi,43858,a4_1.6,101,24699,183,1994,8
20,sedan,1600,925,white,4,gasoline,audi,86029,a4_1.6,101,19499,183,1994,7
29,sedan,1600,21,green,4,gasoline,audi,28484,a4_1.6,101,31499,183,1996,9
146,sedan,1600,854,turquoise,4,gasoline,audi,65138,a4_1.6,101,23199,183,1996,2
189,station_wagon,1600,894,gray,5,gasoline,audi,3468,a4_1.6,101,38499,183,1997,6
193,station_wagon,1600,464,dark_green,5,gasoline,audi,161199,a4_1.6,101,10399,183,1994,0
241,station_wagon,1600,135,red,5,gasoline,audi,116143,a4_1.6,101,15199,183,1995,4
263,station_wagon,1600,742,black,5,gasoline,audi,85917,a4_1.6,101,19499,183,1995,6
288,sedan,1600,190,blue,4,gasoline,audi,10865,a4_1.6,101,35799,183,1996,5
428,sedan,1600,367,white,4,gasoline,audi,115117,a4_1.6,101,15299,183,1994,4
431,station_wagon,1600,804,green,5,gasoline,audi,121262,a4_1.6,101,14599,183,1995,6
502,sedan,1600,674,black,4,gasoline,audi,20496,a4_1.6,101,26099,183,1994,6
579,station_wagon,1600,703,blue,5,gasoline,audi,42096,a4_1.6,101,28199,183,1996,7
616,station_wagon,1600,411,dark_green,5,gasoline,audi,32867,a4_1.6,101,30399,183,1996,7
697,station_wagon,1600,145,blue,5,gasoline,audi,155998,a4_1.6,101,10899,183,1995,3
864,station_wagon,1600,89,dark_red,5,gasoline,audi,62990,a4_1.6,101,23699,183,1995,4
873,sedan,1600,757,turquoise,4,gasoline,audi,57510,a4_1.6,101,24799,183,1994,3
13,station_wagon,1800,407,white,5,gasoline,audi,29870,a4_1.8,125,34299,183,1996,3
107,station_wagon,1800,579,anthracite,5,gasoline,audi,166631,a4_1.8,125,10999,183,1995,3
165,sedan,1800,514,turquoise,4,gasoline,audi,15807,a4_1.8,125,36199,183,1996,7
176,station_wagon,1800,685,light_gray,5,gasoline,audi,15903,a4_1.8,125,38499,183,1996,3
190,sedan,1800,85,dark_blue,4,gasoline,audi,18290,a4_1.8,125,32199,183,1995,9
259,station_wagon,1800,641,violet,5,gasoline,audi,88987,a4_1.8,125,20999,183,1995,4
320,sedan,1800,197,blue,4,gasoline,audi,145863,a4_1.8,125,12999,183,1995,5
399,sedan,1800,611,turquoise,4,gasoline,audi,97232,a4_1.8,125,19599,183,1995,1
441,station_wagon,1800,357,orange,5,gasoline,audi,172736,a4_1.8,125,10399,183,1995,4
447,station_wagon,1800,905,dark_gray,5,gasoline,audi,120734,a4_1.8,125,16099,183,1995,0
523,station_wagon,1800,470,green,5,gasoline,audi,87847,a4_1.8,125,21199,183,1996,8
569,sedan,1800,833,dark_gray,4,gasoline,audi,24555,a4_1.8,125,35899,183,1996,5
664,station_wagon,1800,524,turquoise,5,gasoline,audi,5362,a4_1.8,125,41999,183,1997,1
681,station_wagon,1800,848,turquoise,5,gasoline,audi,15548,a4_1.8,125,33699,183,1995,5
729,sedan,1800,872,red,4,gasoline,audi,7090,a4_1.8,125,41499,183,1997,6
851,sedan,1800,240,violet,4,gasoline,audi,51464,a4_1.8,125,28699,183,1996,3
876,sedan,1800,159,anthracite,4,gasoline,audi,30656,a4_1.8,125,32799,183,1995,7
152,sedan,1800,213,anthracite,4,gasoline,audi,123053,a4_1.8_t,150,17199,183,1994,6
198,sedan,1800,595,dark_blue,4,gasoline,audi,92780,a4_1.8_t,150,22199,183,1994,5
224,sedan,1800,492,anthracite,4,gasoline,audi,34608,a4_1.8_t,150,35999,183,1996,4
261,sedan,1800,556,black,4,gasoline,audi,51795,a4_1.8_t,150,31199,183,1995,3
313,sedan,1800,354,dark_red,4,gasoline,audi,61417,a4_1.8_t,150,28799,183,1994,5
335,sedan,1800,181,black,4,gasoline,audi,34679,a4_1.8_t,150,35999,183,1995,4
468,station_wagon,1800,317,violet,5,gasoline,audi,68480,a4_1.8_t,150,27099,183,1994,5
534,station_wagon,1800,575,silver,5,gasoline,audi,2849,a4_1.8_t,150,45899,183,1997,5
583,sedan,1800,517,light_gray,4,gasoline,audi,78289,a4_1.8_t,150,24999,183,1995,8
601,sedan,1800,500,dark_gray,4,gasoline,audi,57191,a4_1.8_t,150,29799,183,1995,6
612,sedan,1800,225,dark_gray,4,gasoline,audi,50277,a4_1.8_t,150,30899,183,1994,4
619,sedan,1800,211,blue,4,gasoline,audi,105463,a4_1.8_t,150,19899,183,1994,2
633,station_wagon,1800,936,black,5,gasoline,audi,32891,a4_1.8_t,150,36499,183,1997,2
673,sedan,1800,364,blue,4,gasoline,audi,92583,a4_1.8_t,150,22199,183,1995,7
772,station_wagon,1800,480,light_gray,5,gasoline,audi,40485,a4_1.8_t,150,34299,183,1996,7
808,station_wagon,1800,835,orange,5,gasoline,audi,153689,a4_1.8_t,150,13299,183,1994,5
877,sedan,1800,692,silver,4,gasoline,audi,85303,a4_1.8_t,150,23599,183,1995,6
909,sedan,1800,900,yellow,4,gasoline,audi,59170,a4_1.8_t,150,29299,183,1996,6
39,station_wagon,1900,231,dark_red,5,diesel,audi,75143,a4_1.9_tdi,90,23499,173,1995,7
74,sedan,1900,279,violet,4,diesel,audi,17093,a4_1.9_tdi,110,38899,173,1996,3
81,sedan,1900,246,green,4,diesel,audi,45204,a4_1.9_tdi,110,31699,173,1994,6
103,station_wagon,1900,545,violet,5,diesel,audi,174605,a4_1.9_tdi,90,10299,173,1994,3
151,sedan,1900,408,turquoise,4,diesel,audi,151452,a4_1.9_tdi,90,12499,173,1995,8
159,sedan,1900,675,dark_red,4,diesel,audi,48015,a4_1.9_tdi,110,32799,173,1995,5
227,station_wagon,1900,12,dark_green,5,diesel,audi,36304,a4_1.9_tdi,110,31899,173,1994,8
240,sedan,1900,110,light_gray,4,diesel,audi,42535,a4_1.9_tdi,110,31099,173,1994,3
271,station_wagon,1900,884,silver,5,diesel,audi,25910,a4_1.9_tdi,110,38799,173,1996,1
310,sedan,1900,168,orange,4,diesel,audi,79617,a4_1.9_tdi,110,25199,173,1996,6
325,sedan,1900,402,green,4,diesel,audi,43178,a4_1.9_tdi,90,30699,173,1995,8
352,station_wagon,1900,582,dark_green,5,diesel,audi,19700,a4_1.9_tdi,90,37299,173,1997,8
387,sedan,1900,932,dark_green,4,diesel,audi,9669,a4_1.9_tdi,110,45199,173,1997,2
553,station_wagon,1900,688,green,5,diesel,audi,181335,a4_1.9_tdi,90,9699,173,1994,4
562,sedan,1900,99,gray,4,diesel,audi,20668,a4_1.9_tdi,110,38199,173,1996,4
567,station_wagon,1900,794,gray,5,diesel,audi,26306,a4_1.9_tdi,90,35299,173,1996,2
586,sedan,1900,889,dark_green,4,diesel,audi,21420,a4_1.9_tdi,90,36799,173,1997,1
602,station_wagon,1900,898,yellow,5,diesel,audi,50831,a4_1.9_tdi,90,28799,173,1996,3
607,station_wagon,1900,428,dark_blue,5,diesel,audi,79473,a4_1.9_tdi,90,22699,173,1996,4
816,station_wagon,1900,598,dark_green,5,diesel,audi,43252,a4_1.9_tdi,110,34199,173,1996,7
861,sedan,1900,355,green,4,diesel,audi,26881,a4_1.9_tdi,90,35199,173,1996,5
865,station_wagon,1900,574,dark_red,5,diesel,audi,148120,a4_1.9_tdi,90,12799,173,1994,5
867,station_wagon,1900,760,silver,5,diesel,audi,41525,a4_1.9_tdi,90,31099,173,1995,2
889,sedan,1900,162,dark_green,4,diesel,audi,105446,a4_1.9_tdi,110,20399,173,1994,5
915,sedan,1900,714,light_gray,4,diesel,audi,15409,a4_1.9_tdi,90,38699,173,1997,1
924,station_wagon,1900,802,yellow,5,diesel,audi,32577,a4_1.9_tdi,90,28999,173,1994,5
939,station_wagon,1900,561,black,5,diesel,audi,18940,a4_1.9_tdi,110,37599,173,1995,7
956,station_wagon,1900,116,silver,5,diesel,audi,6962,a4_1.9_tdi,90,41499,173,1997,4
90,sedan,2800,166,orange,4,gasoline,audi,31774,a4_2.8,193,42999,213,1996,9
228,sedan,2800,198,red,4,gasoline,audi,76575,a4_2.8,193,29599,213,1996,3
235,station_wagon,2800,296,red,5,gasoline,audi,10606,a4_2.8,193,47299,213,1996,8
319,sedan,2800,902,red,4,gasoline,audi,67052,a4_2.8,193,31999,213,1995,7
328,sedan,2800,380,anthracite,4,gasoline,audi,6374,a4_2.8,193,51599,213,1997,3
426,station_wagon,2800,719,dark_gray,5,gasoline,audi,81458,a4_2.8,193,28399,213,1995,6
494,station_wagon,2800,762,yellow,5,gasoline,audi,52125,a4_2.8,193,36299,213,1995,8
531,sedan,2800,130,dark_gray,4,gasoline,audi,6889,a4_2.8,193,49699,213,1996,7
660,station_wagon,2800,338,light_gray,5,gasoline,audi,69380,a4_2.8,193,31399,213,1996,7
746,station_wagon,2800,597,dark_red,5,gasoline,audi,2849,a4_2.8,193,54699,213,1997,3
762,station_wagon,2800,581,orange,5,gasoline,audi,117615,a4_2.8,193,20999,213,1995,2
791,sedan,2800,662,silver,4,gasoline,audi,175838,a4_2.8,193,12899,213,1995,1
837,station_wagon,2800,910,gray,5,gasoline,audi,180902,a4_2.8,193,12399,213,1994,4
857,station_wagon,2800,309,green,5,gasoline,audi,32812,a4_2.8,193,42599,213,1996,7
862,sedan,2800,440,orange,4,gasoline,audi,18682,a4_2.8,193,47899,213,1997,1
901,sedan,2800,395,dark_red,4,gasoline,audi,31110,a4_2.8,193,38999,213,1995,7
930,station_wagon,2800,797,gray,5,gasoline,audi,41084,a4_2.8,193,39799,213,1995,4
186,sedan,1800,416,dark_green,4,gasoline,audi,80559,a6_1.8_t,150,28099,183,1995,2
412,sedan,1800,873,dark_blue,4,gasoline,audi,92832,a6_1.8_t,150,25399,183,1995,9
604,sedan,1800,614,gray,4,gasoline,audi,79428,a6_1.8_t,150,28399,183,1996,6
621,sedan,1800,823,gray;black,4,gasoline,audi,52492,a6_1.8_t,150,35499,183,1996,2
680,sedan,1800,462,green,4,gasoline,audi,5285,a6_1.8_t,150,52599,183,1997,4
778,sedan,1800,564,black,4,gasoline,audi,16017,a6_1.8_t,150,48099,183,1997,3
790,sedan,1800,476,dark_gray,4,gasoline,audi,6892,a6_1.8_t,150,51899,183,1997,7
419,sedan,1900,174,dark_green,4,diesel,audi,45540,a6_1.9_tdi,110,36899,173,1995,7
659,sedan,1900,404,dark_gray,4,diesel,audi,160077,a6_1.9_tdi,110,14199,173,1995,8
803,sedan,1900,632,red,4,diesel,audi,138740,a6_1.9_tdi,110,16999,173,1995,4
931,sedan,1900,66,dark_red,4,diesel,audi,11698,a6_1.9_tdi,110,48999,173,1997,4
121,sedan,2400,924,gray,4,gasoline,audi,64325,a6_2.4,165,33899,213,1996,9
175,sedan,2400,562,orange,4,gasoline,audi,34869,a6_2.4,165,43399,213,1996,2
434,sedan,2400,726,violet,4,gasoline,audi,54277,a6_2.4,165,36899,213,1996,8
555,sedan,2400,516,green,4,gasoline,audi,16939,a6_2.4,165,50399,213,1997,6
690,sedan,2400,163,silver,4,gasoline,audi,24463,a6_2.4,165,47299,213,1996,1
693,sedan,2400,366,violet,4,gasoline,audi,94148,a6_2.4,165,26499,213,1996,4
739,sedan,2400,270,yellow,4,gasoline,audi,76497,a6_2.4,165,30699,213,1995,1
880,sedan,2400,584,green,4,gasoline,audi,107752,a6_2.4,165,23599,213,1994,1
910,sedan,2400,679,dark_red,4,gasoline,audi,150408,a6_2.4,165,16599,213,1995,2
1,sedan,2800,441,violet,4,gasoline,audi,29897,a6_2.8,193,49899,213,1995,8
253,sedan,2800,455,black,4,gasoline,audi,105674,a6_2.8,193,26899,213,1994,4
724,sedan,2800,241,gray,4,gasoline,audi,109377,a6_2.8,193,26099,213,1995,7
775,sedan,2800,633,dark_blue,4,gasoline,audi,22547,a6_2.8,193,53899,213,1996,4
841,sedan,2800,907,green,4,gasoline,audi,95139,a6_2.8,193,29399,213,1994,7
12,sedan,1800,175,dark_blue,4,gasoline,mercedes-benz,51534,c_180,122,29299,183,1996,1
162,sedan,1800,297,gray,4,gasoline,mercedes-benz,48018,c_180,122,29999,183,1995,4
213,sedan,1800,388,dark_red,4,gasoline,mercedes-benz,89153,c_180,122,21399,183,1994,8
452,sedan,1800,471,orange,4,gasoline,mercedes-benz,95708,c_180,122,20299,183,1995,5
491,sedan,1800,414,silver,4,gasoline,mercedes-benz,195623,c_180,122,8799,183,1994,6
582,sedan,1800,573,orange,2,gasoline,mercedes-benz,72066,c_180,122,24699,183,1995,9
750,sedan,1800,779,orange,4,gasoline,mercedes-benz,26371,c_180,122,36099,183,1996,3
758,sedan,1800,691,blue,4,gasoline,mercedes-benz,63068,c_180,122,26599,183,1996,5
887,sedan,1800,560,silver,4,gasoline,mercedes-benz,15307,c_180,122,39599,183,1996,4
904,station_wagon,1800,861,orange,5,gasoline,mercedes-benz,44315,c_180,122,31099,183,1996,8
947,sedan,1800,46,red,4,gasoline,mercedes-benz,133262,c_180,122,14799,183,1995,8
36,station_wagon,2000,14,violet,5,gasoline,mercedes-benz,148011,c_200,136,14599,183,1995,5
86,sedan,2000,845,gray,4,gasoline,mercedes-benz,20585,c_200,136,35499,183,1995,7
108,station_wagon,2000,311,dark_red,5,gasoline,mercedes-benz,200089,c_200,136,9399,183,1994,6
115,station_wagon,2000,352,silver,5,gasoline,mercedes-benz,88569,c_200,136,23899,183,1994,5
164,sedan,2000,547,blue,4,gasoline,mercedes-benz,40261,c_200,136,35699,183,1996,1
166,sedan,2000,316,green,4,gasoline,mercedes-benz,112783,c_200,136,19499,183,1995,6
389,station_wagon,2000,707,gray,5,gasoline,mercedes-benz,91061,c_200,136,23399,183,1995,7
529,sedan,2000,147,dark_blue,4,gasoline,mercedes-benz,16373,c_200,136,43599,183,1997,2
539,station_wagon,2000,534,turquoise,5,gasoline,mercedes-benz,95703,c_200,136,22499,183,1995,4
551,sedan,2000,254,red,4,gasoline,mercedes-benz,21881,c_200,136,38299,183,1995,6
587,station_wagon,2000,109,green,5,gasoline,mercedes-benz,30452,c_200,136,38799,183,1996,3
610,station_wagon,2000,237,green,5,gasoline,mercedes-benz,21518,c_200,136,41799,183,1996,4
713,sedan,2000,619,blue,4,gasoline,mercedes-benz,121641,c_200,136,18099,183,1995,1
785,station_wagon,2000,704,black,5,gasoline,mercedes-benz,47695,c_200,136,33599,183,1995,5
852,sedan,2000,44,turquoise,4,gasoline,mercedes-benz,58491,c_200,136,30699,183,1996,2
893,station_wagon,2000,275,dark_red,5,gasoline,mercedes-benz,59513,c_200,136,30399,183,1996,1
921,sedan,2000,195,red,4,gasoline,mercedes-benz,9388,c_200,136,44299,183,1996,5
951,sedan,2000,728,red,4,gasoline,mercedes-benz,105815,c_200,136,20699,183,1995,2
27,sedan,2200,350,dark_gray,4,diesel,mercedes-benz,20454,c_220_diesel,95,38499,187,1996,8
135,sedan,2200,385,dark_blue,4,diesel,mercedes-benz,66849,c_220_diesel,95,26899,187,1995,5
149,station_wagon,2200,883,yellow,5,diesel,mercedes-benz,99058,c_220_diesel,95,20599,187,1995,2
203,station_wagon,2200,916,silver,5,diesel,mercedes-benz,135568,c_220_diesel,95,15199,187,1995,8
231,sedan,2200,221,turquoise,4,diesel,mercedes-benz,23671,c_220_diesel,95,37899,187,1996,6
268,sedan,2200,682,green,4,diesel,mercedes-benz,94799,c_220_diesel,95,21299,187,1995,2
274,station_wagon,2200,839,red,5,diesel,mercedes-benz,108957,c_220_diesel,95,18999,187,1994,6
286,sedan,2200,820,anthracite,4,diesel,mercedes-benz,15788,c_220_diesel,95,39599,187,1996,1
300,station_wagon,2200,723,green,5,diesel,mercedes-benz,47263,c_220_diesel,95,31699,187,1995,6
336,sedan,2200,559,gray,4,diesel,mercedes-benz,3584,c_220_diesel,95,43799,187,1997,6
385,station_wagon,2200,310,black,5,diesel,mercedes-benz,75092,c_220_diesel,95,25099,187,1995,3
393,station_wagon,2200,90,light_gray,5,diesel,mercedes-benz,15473,c_220_diesel,95,33999,187,1995,3
397,sedan,2200,117,green,4,diesel,mercedes-benz,168219,c_220_diesel,95,11599,187,1994,4
448,sedan,2200,739,blue,4,diesel,mercedes-benz,4123,c_220_diesel,95,45399,187,1997,8
470,station_wagon,2200,344,blue,5,diesel,mercedes-benz,14897,c_220_diesel,95,41499,187,1997,5
537,station_wagon,2200,941,violet,5,diesel,mercedes-benz,10643,c_220_diesel,95,38399,187,1996,6
650,station_wagon,2200,77,silver,5,diesel,mercedes-benz,27896,c_220_diesel,95,37299,187,1997,1
668,sedan,2200,61,red,4,diesel,mercedes-benz,138833,c_220_diesel,95,14799,187,1994,2
682,station_wagon,2200,469,light_gray,5,diesel,mercedes-benz,24483,c_220_diesel,95,38299,187,1997,2
702,station_wagon,2200,836,white,5,diesel,mercedes-benz,74521,c_220_diesel,95,25299,187,1995,6
720,sedan,2200,405,dark_green,4,diesel,mercedes-benz,208100,c_220_diesel,95,8299,187,1994,7
771,sedan,2200,734,black,4,diesel,mercedes-benz,42550,c_220_diesel,95,32999,187,1995,0
788,station_wagon,2200,937,violet,5,diesel,mercedes-benz,18100,c_220_diesel,95,40399,187,1997,3
93,sedan,2300,667,dark_red,4,gasoline,mercedes-benz,22232,c_230_kompressor,192,46099,197,1996,4
97,station_wagon,2300,436,gray,5,gasoline,mercedes-benz,10270,c_230_kompressor,192,52299,197,1997,7
131,sedan,2300,459,turquoise,4,gasoline,mercedes-benz,11515,c_230_kompressor,192,50099,197,1996,2
267,station_wagon,2300,770,black,5,gasoline,mercedes-benz,70455,c_230_kompressor,192,31699,197,1996,5
316,sedan,2300,424,black,4,gasoline,mercedes-benz,18726,c_230_kompressor,192,45899,197,1996,4
432,station_wagon,2300,205,orange,5,gasoline,mercedes-benz,76802,c_230_kompressor,192,30099,197,1995,2
556,sedan,2300,923,dark_gray,4,gasoline,mercedes-benz,51832,c_230_kompressor,192,36999,197,1996,3
573,sedan,2300,748,red,4,gasoline,mercedes-benz,73016,c_230_kompressor,192,30999,197,1995,5
629,sedan,2300,676,light_gray,4,gasoline,mercedes-benz,78043,c_230_kompressor,192,29699,197,1996,9
777,sedan,2300,656,orange,4,gasoline,mercedes-benz,36003,c_230_kompressor,192,42199,197,1996,8
821,sedan,2300,259,dark_red,4,gasoline,mercedes-benz,52329,c_230_kompressor,192,36899,197,1996,4
886,station_wagon,2300,390,dark_green,5,gasoline,mercedes-benz,181189,c_230_kompressor,192,12599,197,1994,1
62,sedan,2400,792,silver,4,gasoline,mercedes-benz,67623,c_240,170,31299,213,1996,2
96,station_wagon,2400,68,green,5,gasoline,mercedes-benz,192030,c_240,170,11099,213,1994,2
179,station_wagon,2400,684,black,5,gasoline,mercedes-benz,10995,c_240,170,44199,213,1996,0
202,sedan,2400,616,dark_green,4,gasoline,mercedes-benz,71539,c_240,170,30299,213,1995,6
233,sedan,2400,821,yellow,4,gasoline,mercedes-benz,18005,c_240,170,47299,213,1997,4
373,sedan,2400,326,dark_red,4,gasoline,mercedes-benz,140308,c_240,170,17099,213,1994,2
473,sedan,2400,864,gray,4,gasoline,mercedes-benz,10719,c_240,170,49099,213,1996,2
490,sedan,2400,565,dark_blue,4,gasoline,mercedes-benz,47707,c_240,170,36999,213,1995,1
493,sedan,2400,129,dark_blue,4,gasoline,mercedes-benz,7185,c_240,170,51799,213,1997,2
513,station_wagon,2400,184,turquoise,5,gasoline,mercedes-benz,51735,c_240,170,35699,213,1996,9
606,sedan,2400,571,green,4,gasoline,mercedes-benz,85299,c_240,170,26999,213,1996,7
683,station_wagon,2400,169,violet,5,gasoline,mercedes-benz,43998,c_240,170,38099,213,1996,6
703,sedan,2400,318,red,4,gasoline,mercedes-benz,40528,c_240,170,39199,213,1996,1
704,sedan,2400,618,blue,4,gasoline,mercedes-benz,60907,c_240,170,33099,213,1995,7
896,station_wagon,2400,566,green,5,gasoline,mercedes-benz,97902,c_240,170,24299,213,1995,4
18,station_wagon,2500,807,gray,5,diesel,mercedes-benz,61739,c_250_diesel,150,32899,203,1995,3
73,station_wagon,2500,911,gray,5,diesel,mercedes-benz,49240,c_250_diesel,150,36499,203,1995,2
76,station_wagon,2500,282,silver,5,diesel,mercedes-benz,106275,c_250_diesel,150,22699,203,1995,7
98,sedan,2500,51,red,4,diesel,mercedes-benz,87136,c_250_diesel,150,26599,203,1995,9
278,station_wagon,2500,627,blue,5,diesel,mercedes-benz,37032,c_250_diesel,150,40399,203,1995,4
294,station_wagon,2500,909,turquoise,5,diesel,mercedes-benz,19908,c_250_diesel,150,41099,203,1995,8
376,station_wagon,2500,94,orange,5,diesel,mercedes-benz,62135,c_250_diesel,150,32799,203,1995,7
414,sedan,2500,334,orange,4,diesel,mercedes-benz,172056,c_250_diesel,150,13099,203,1995,1
488,station_wagon,2500,563,light_gray,5,diesel,mercedes-benz,109659,c_250_diesel,150,22099,203,1995,5
804,sedan,2500,529,black,4,diesel,mercedes-benz,46141,c_250_diesel,150,37399,203,1996,1
858,station_wagon,2500,34,blue,5,diesel,mercedes-benz,34404,c_250_diesel,150,41299,203,1996,1
21,station_wagon,2800,669,violet,5,gasoline,mercedes-benz,27124,c_280,197,41099,213,1995,7
44,sedan,2800,738,dark_green,4,gasoline,mercedes-benz,84100,c_280,197,29799,213,1995,3
130,sedan,2800,154,gray,4,gasoline,mercedes-benz,16339,c_280,197,52399,213,1997,4
349,sedan,2800,829,green,4,gasoline,mercedes-benz,50750,c_280,197,37399,213,1994,2
350,sedan,2800,82,yellow,4,gasoline,mercedes-benz,8845,c_280,197,55699,213,1997,5
455,sedan,2800,649,gray,4,gasoline,mercedes-benz,43057,c_280,197,40599,213,1995,3
460,sedan,2800,725,red,4,gasoline,mercedes-benz,107072,c_280,197,24599,213,1994,2
507,station_wagon,2800,216,dark_red,5,gasoline,mercedes-benz,45996,c_280,197,40899,213,1995,1
530,sedan,2800,659,violet,4,gasoline,mercedes-benz,98318,c_280,197,26399,213,1995,1
580,station_wagon,2800,709,violet,5,gasoline,mercedes-benz,122045,c_280,197,21699,213,1994,9
589,sedan,2800,323,dark_red,4,gasoline,mercedes-benz,24974,c_280,197,42699,213,1995,0
641,sedan,2800,768,dark_gray,4,gasoline,mercedes-benz,145104,c_280,197,17899,213,1994,1
716,sedan,2800,604,anthracite,4,gasoline,mercedes-benz,191649,c_280,197,12099,213,1994,7
879,station_wagon,2800,486,yellow,5,gasoline,mercedes-benz,136768,c_280,197,19199,213,1995,7
945,station_wagon,2800,550,dark_blue,5,gasoline,mercedes-benz,166045,c_280,197,14999,213,1994,3
954,sedan,2800,331,yellow,4,gasoline,mercedes-benz,21429,c_280,197,50199,213,1997,6
200,sedan,2000,210,dark_blue,4,gasoline,mercedes-benz,62888,e_200,136,33799,183,1995,3
329,station_wagon,2000,750,turquoise,5,gasoline,mercedes-benz,169604,e_200,136,13899,183,1994,2
346,station_wagon,2000,531,dark_red,5,gasoline,mercedes-benz,206612,e_200,136,10199,183,1994,4
358,station_wagon,2000,39,turquoise,5,gasoline,mercedes-benz,42350,e_200,136,37499,183,1994,2
391,sedan,2000,274,dark_blue,4,gasoline,mercedes-benz,104582,e_200,136,23799,183,1994,1
614,sedan,2000,232,red,4,gasoline,mercedes-benz,9074,e_200,136,52799,183,1997,8
719,station_wagon,2000,295,dark_gray,5,gasoline,mercedes-benz,81587,e_200,136,28899,183,1996,5
722,sedan,2000,636,red,4,gasoline,mercedes-benz,34567,e_200,136,42699,183,1996,2
732,station_wagon,2000,249,dark_gray,5,gasoline,mercedes-benz,70054,e_200,136,31799,183,1995,0
928,station_wagon,2000,359,silver,5,gasoline,mercedes-benz,113458,e_200,136,22099,183,1995,4
943,station_wagon,2000,114,blue,5,gasoline,mercedes-benz,98939,e_200,136,24999,183,1995,9
28,sedan,2200,806,dark_green,4,diesel,mercedes-benz,20166,e_220_diesel,95,46199,187,1996,6
41,station_wagon,2200,193,dark_red,5,diesel,mercedes-benz,38566,e_220_diesel,95,39899,187,1996,4
69,sedan,2200,351,dark_green,4,diesel,mercedes-benz,48945,e_220_diesel,95,35699,187,1994,6
163,sedan,2200,247,gray,4,diesel,mercedes-benz,125775,e_220_diesel,95,19299,187,1995,4
266,sedan,2200,549,black,4,diesel,mercedes-benz,18684,e_220_diesel,95,47099,187,1997,9
315,sedan,2200,608,turquoise,4,diesel,mercedes-benz,89993,e_220_diesel,95,25999,187,1996,7
318,sedan,2200,84,anthracite,4,diesel,mercedes-benz,102915,e_220_diesel,95,23299,187,1995,7
321,station_wagon,2200,336,green,5,diesel,mercedes-benz,52313,e_220_diesel,95,35599,187,1996,2
377,station_wagon,2200,286,dark_green,5,diesel,mercedes-benz,31210,e_220_diesel,95,41299,187,1995,6
458,sedan,2200,727,gray,4,diesel,mercedes-benz,61254,e_220_diesel,95,32999,187,1996,3
495,sedan,2200,798,light_gray,4,diesel,mercedes-benz,27475,e_220_diesel,95,41899,187,1995,8
515,station_wagon,2200,784,violet,5,diesel,mercedes-benz,119276,e_220_diesel,95,20399,187,1995,3
577,station_wagon,2200,215,red,5,diesel,mercedes-benz,15999,e_220_diesel,95,48099,187,1997,3
692,station_wagon,2200,302,dark_blue,5,diesel,mercedes-benz,7817,e_220_diesel,95,51499,187,1997,1
695,station_wagon,2200,239,violet,5,diesel,mercedes-benz,90060,e_220_diesel,95,25999,187,1996,1
738,station_wagon,2200,927,light_gray,5,diesel,mercedes-benz,28022,e_220_diesel,95,39999,187,1995,6
908,sedan,2200,425,light_gray,4,diesel,mercedes-benz,44055,e_220_diesel,95,36299,187,1995,9
911,station_wagon,2200,863,red,5,diesel,mercedes-benz,8625,e_220_diesel,95,47199,187,1996,1
120,station_wagon,2800,11,yellow,5,gasoline,mercedes-benz,17742,e_280,204,58699,213,1997,8
232,station_wagon,2800,521,dark_blue,5,gasoline,mercedes-benz,83102,e_280,204,33999,213,1995,7
238,sedan,2800,140,dark_green,4,gasoline,mercedes-benz,22737,e_280,204,56099,213,1996,6
353,station_wagon,2800,856,blue,5,gasoline,mercedes-benz,38878,e_280,204,49199,213,1996,2
570,station_wagon,2800,146,green,5,gasoline,mercedes-benz,50275,e_280,204,44699,213,1995,2
592,station_wagon,2800,814,silver,5,gasoline,mercedes-benz,121123,e_280,204,24799,213,1995,7
661,station_wagon,2800,63,black,5,gasoline,mercedes-benz,46104,e_280,204,46299,213,1996,0
671,station_wagon,2800,360,blue,5,gasoline,mercedes-benz,7608,e_280,204,63799,213,1997,3
774,sedan,2800,287,blue,4,gasoline,mercedes-benz,89865,e_280,204,32199,213,1995,2
779,sedan,2800,104,silver,4,gasoline,mercedes-benz,19033,e_280,204,56199,213,1996,2
884,sedan,2800,773,white,4,gasoline,mercedes-benz,128108,e_280,204,23399,213,1995,9
124,sedan,2900,615,dark_blue,4,diesel,mercedes-benz,87994,e_290_diesel,130,29299,224,1996,7
169,sedan,2900,929,anthracite,4,diesel,mercedes-benz,17118,e_290_diesel,130,45699,224,1995,4
215,sedan,2900,617,dark_blue,4,diesel,mercedes-benz,70763,e_290_diesel,130,33799,224,1995,4
287,station_wagon,2900,489,anthracite,5,diesel,mercedes-benz,93775,e_290_diesel,130,27899,224,1995,0
301,sedan,2900,876,black,4,diesel,mercedes-benz,73495,e_290_diesel,130,33099,224,1996,5
417,sedan,2900,49,violet,4,diesel,mercedes-benz,6858,e_290_diesel,130,57599,224,1997,7
497,station_wagon,2900,31,dark_gray,5,diesel,mercedes-benz,105397,e_290_diesel,130,25299,224,1995,5
550,sedan,2900,921,gray,4,diesel,mercedes-benz,21332,e_290_diesel,130,51099,224,1996,3
652,sedan,2900,513,dark_blue,4,diesel,mercedes-benz,22859,e_290_diesel,130,43099,224,1995,3
726,sedan,2900,867,light_gray,4,diesel,mercedes-benz,139509,e_290_diesel,130,19099,224,1995,4
740,sedan,2900,539,gray,4,diesel,mercedes-benz,2716,e_290_diesel,130,58899,224,1997,7
795,sedan,2900,122,dark_gray,4,diesel,mercedes-benz,10250,e_290_diesel,130,55999,224,1997,9
4,sedan,3000,100,yellow;blue,4,diesel,mercedes-benz,18146,e_300_diesel,176,58499,224,1996,3
51,station_wagon,3000,881,yellow,5,diesel,mercedes-benz,45604,e_300_diesel,176,46499,224,1995,5
218,station_wagon,3000,18,light_gray,5,diesel,mercedes-benz,44746,e_300_diesel,176,46799,224,1995,1
374,sedan,3000,680,orange,4,diesel,mercedes-benz,100173,e_300_diesel,176,29499,224,1995,3
395,station_wagon,3000,721,white,5,diesel,mercedes-benz,77777,e_300_diesel,176,35599,224,1996,9
528,station_wagon,3000,747,black,5,diesel,mercedes-benz,63451,e_300_diesel,176,40099,224,1996,3
538,station_wagon,3000,22,green,5,diesel,mercedes-benz,51851,e_300_diesel,176,44099,224,1996,2
549,station_wagon,3000,466,light_gray,5,diesel,mercedes-benz,145447,e_300_diesel,176,20199,224,1995,1
679,sedan,3000,143,black,4,diesel,mercedes-benz,99078,e_300_diesel,176,29799,224,1995,3
737,sedan,3000,267,dark_green,4,diesel,mercedes-benz,131553,e_300_diesel,176,22699,224,1995,9
789,station_wagon,3000,54,turquoise,5,diesel,mercedes-benz,74544,e_300_diesel,176,36499,224,1995,4
3,station_wagon,3200,931,gray,5,gasoline,mercedes-benz,32855,e_320,224,60799,241,1996,4
45,station_wagon,3200,438,blue,5,gasoline,mercedes-benz,20267,e_320,224,60199,241,1995,3
264,sedan,3200,733,red,4,gasoline,mercedes-benz,52991,e_320,224,51399,241,1996,4
289,station_wagon,3200,577,yellow,5,gasoline,mercedes-benz,50224,e_320,224,48799,241,1994,0
334,sedan,3200,393,dark_gray,4,gasoline,mercedes-benz,153682,e_320,224,22199,241,1995,7
384,sedan,3200,201,anthracite,4,gasoline,mercedes-benz,131055,e_320,224,26799,241,1994,8
450,sedan,3200,508,gray,4,gasoline,mercedes-benz,52629,e_320,224,51599,241,1994,2
471,sedan,3200,346,light_gray,4,gasoline,mercedes-benz,30547,e_320,224,57099,241,1995,5
487,station_wagon,3200,878,dark_red,5,gasoline,mercedes-benz,35417,e_320,224,57499,241,1995,2
536,sedan,3200,765,black,4,gasoline,mercedes-benz,89768,e_320,224,37899,241,1995,4
712,sedan,3200,291,dark_green,4,gasoline,mercedes-benz,119335,e_320,224,29599,241,1995,7
723,station_wagon,3200,142,black,5,gasoline,mercedes-benz,47764,e_320,224,53699,241,1995,3
897,sedan,3200,771,blue,4,gasoline,mercedes-benz,35340,e_320,224,55999,241,1995,6
917,station_wagon,3200,401,yellow,5,gasoline,mercedes-benz,91030,e_320,224,37499,241,1995,8
113,sedan,4300,777,gray,4,gasoline,mercedes-benz,29133,e_430,278,78399,252,1997,8
178,station_wagon,4300,315,turquoise,5,gasoline,mercedes-benz,26924,e_430,278,79899,252,1996,3
184,sedan,4300,15,blue,4,gasoline,mercedes-benz,105427,e_430,278,41499,252,1994,1
212,sedan,4300,386,dark_red,4,gasoline,mercedes-benz,183582,e_430,278,21699,252,1994,5
249,station_wagon,4300,442,dark_green,5,gasoline,mercedes-benz,88168,e_430,278,47999,252,1995,1
280,station_wagon,4300,92,orange,5,gasoline,mercedes-benz,48103,e_430,278,66999,252,1996,9
357,sedan,4300,230,dark_green,4,gasoline,mercedes-benz,194601,e_430,278,19799,252,1994,6
361,station_wagon,4300,926,dark_gray,5,gasoline,mercedes-benz,162876,e_430,278,25699,252,1994,4
378,station_wagon,4300,67,blue,5,gasoline,mercedes-benz,14055,e_430,278,88899,252,1997,6
398,sedan,4300,504,gray,4,gasoline,mercedes-benz,15920,e_430,278,72899,252,1995,3
405,station_wagon,4300,209,dark_green,5,gasoline,mercedes-benz,138142,e_430,278,31599,252,1995,2
453,sedan,4300,866,blue,4,gasoline,mercedes-benz,12639,e_430,278,89999,252,1997,9
519,station_wagon,4300,853,black,5,gasoline,mercedes-benz,4296,e_430,278,95199,252,1997,1
599,sedan,4300,708,red,4,gasoline,mercedes-benz,31277,e_430,278,69599,252,1995,3
731,station_wagon,4300,433,yellow,5,gasoline,mercedes-benz,45423,e_430,278,68499,252,1995,9
805,station_wagon,4300,132,green,5,gasoline,mercedes-benz,58002,e_430,278,61699,252,1995,5
842,sedan,4300,394,blue,4,gasoline,mercedes-benz,60240,e_430,278,60499,252,1996,4
895,sedan,4300,171,violet,4,gasoline,mercedes-benz,7579,e_430,278,92399,252,1997,8
919,sedan,4300,552,blue,4,gasoline,mercedes-benz,81832,e_430,278,50599,252,1995,4
944,sedan,4300,865,yellow,4,gasoline,mercedes-benz,98562,e_430,278,43999,252,1994,6
10,station_wagon,1800,325,dark_blue,5,diesel,vw,204088,golf,64,4899,183,1994,5
11,fastback,1800,600,gray,2,gasoline,vw,33239,golf,174,32599,183,1997,1
14,fastback,1800,96,red,2,gasoline,vw,35110,golf,75,18499,183,1995,1
15,fastback,1800,165,dark_blue,2,diesel,vw,51403,golf,110,21499,183,1995,4
16,fastback,1800,27,turquoise,2,gasoline,vw,11824,golf,75,21499,183,1996,2
17,fastback,1800,118,blue,2,gasoline,vw,14174,golf,60,22199,183,1997,4
23,convertible,1800,646,light_gray,2,gasoline,vw,65768,golf,90,16799,183,1995,2
25,convertible,1800,292,dark_red,2,gasoline,vw,81226,golf,90,14699,183,1995,1
31,convertible,1800,828,blue,2,gasoline,vw,6680,golf,115,33099,183,1997,1
33,station_wagon,1800,417,light_gray,5,gasoline,vw,147042,golf,60,7299,183,1995,6
34,station_wagon,1800,452,dark_green,5,gasoline,vw,9494,golf,115,32299,183,1997,5
37,station_wagon,1800,347,red,5,gasoline,vw,51339,golf,115,22799,183,1996,6
38,convertible,1800,622,white,2,gasoline,vw,46942,golf,115,23699,183,1996,5
43,convertible,1800,785,dark_green,2,gasoline,vw,21940,golf,100,24199,183,1997,1
53,station_wagon,1800,313,black,5,gasoline,vw,51786,golf,90,18799,183,1996,4
63,convertible,1800,897,green,2,gasoline,vw,34959,golf,100,21699,183,1996,7
68,convertible,1800,450,dark_red,2,diesel,vw,167535,golf,90,7699,183,1995,5
71,fastback,1800,671,black,2,diesel,vw,25184,golf,64,21899,183,1997,8
72,convertible,1800,37,black,2,diesel,vw,42137,golf,90,21799,183,1996,1
75,fastback,1800,851,black,2,gasoline,vw,24724,golf,174,30199,183,1995,4
78,station_wagon,1800,384,dark_green,5,diesel,vw,10871,golf,110,30099,183,1997,4
79,station_wagon,1800,609,blue,5,diesel,vw,123591,golf,90,11099,183,1995,2
85,fastback,1800,724,red,2,gasoline,vw,27123,golf,174,34299,183,1996,8
94,convertible,1800,362,dark_red,2,gasoline,vw,29447,golf,100,20199,183,1995,5
99,fastback,1800,427,dark_red,2,gasoline,vw,143694,golf,115,10599,183,1994,2
100,fastback,1800,702,violet,2,gasoline,vw,89418,golf,100,13799,183,1995,7
101,fastback,1800,153,gray,2,diesel,vw,133085,golf,110,10899,183,1994,3
104,fastback,1800,484,black,2,gasoline,vw,22687,golf,75,23199,183,1996,5
106,station_wagon,1800,98,violet,5,diesel,vw,38567,golf,110,23899,183,1996,5
110,fastback,1800,758,dark_green,2,gasoline,vw,29242,golf,174,29599,183,1995,5
111,fastback,1800,25,orange,2,diesel,vw,61351,golf,90,18599,183,1994,2
114,fastback,1800,64,green,2,gasoline,vw,56792,golf,100,18099,183,1995,2
117,station_wagon,1800,648,silver,5,gasoline,vw,2710,golf,100,27699,183,1997,3
118,convertible,1800,818,gray,2,gasoline,vw,34202,golf,75,20199,183,1995,5
122,convertible,1800,30,dark_red,2,diesel,vw,36372,golf,90,22899,183,1995,8
125,convertible,1800,775,orange,2,gasoline,vw,46630,golf,115,23699,183,1995,3
126,fastback,1800,345,yellow,2,gasoline,vw,85892,golf,190,22999,183,1995,3
128,convertible,1800,586,turquoise,2,diesel,vw,30614,golf,90,23999,183,1996,7
129,fastback,1800,666,dark_green,2,gasoline,vw,110198,golf,174,17199,183,1995,8
132,station_wagon,1800,855,silver,5,gasoline,vw,87423,golf,190,22699,183,1996,8
141,convertible,1800,472,black,2,gasoline,vw,7107,golf,90,26999,183,1997,8
143,fastback,1800,540,turquoise,2,gasoline,vw,27907,golf,100,22999,183,1997,5
145,convertible,1800,678,dark_gray,2,diesel,vw,92835,golf,90,14299,183,1995,9
155,fastback,1800,333,dark_green,2,gasoline,vw,3785,golf,190,44999,183,1997,5
167,fastback,1800,706,light_gray,2,gasoline,vw,95618,golf,75,12199,183,1995,8
170,convertible,1800,29,dark_green,2,gasoline,vw,93704,golf,100,13299,183,1995,1
174,fastback,1800,437,turquoise,2,gasoline,vw,101704,golf,60,10699,183,1995,6
177,station_wagon,1800,284,dark_green,5,gasoline,vw,86523,golf,115,16999,183,1996,1
182,station_wagon,1800,890,orange,5,diesel,vw,4954,golf,110,29599,183,1996,1
187,station_wagon,1800,203,dark_gray,5,gasoline,vw,13670,golf,90,25899,183,1996,4
191,station_wagon,1800,40,dark_green,5,gasoline,vw,48535,golf,75,18699,183,1996,6
201,fastback,1800,783,dark_gray,2,diesel,vw,103356,golf,64,11799,183,1994,4
214,fastback,1800,308,yellow,2,gasoline,vw,6064,golf,190,42399,183,1996,0
216,convertible,1800,111,light_gray,2,gasoline,vw,119033,golf,75,10399,183,1994,3
219,station_wagon,1800,398,red,5,gasoline,vw,109179,golf,100,11699,183,1995,3
220,fastback,1800,507,dark_blue,2,gasoline,vw,8381,golf,60,23299,183,1997,5
222,fastback,1800,843,light_gray,2,gasoline,vw,30240,golf,190,36499,183,1996,2
230,station_wagon,1800,167,dark_green,5,diesel,vw,31763,golf,75,19599,183,1995,4
234,station_wagon,1800,189,dark_gray,5,diesel,vw,2922,golf,64,25999,183,1997,5
245,fastback,1800,447,red,2,gasoline,vw,59248,golf,190,28699,183,1994,2
247,station_wagon,1800,294,dark_green,5,diesel,vw,27628,golf,90,24299,183,1996,7
254,convertible,1800,652,yellow,2,gasoline,vw,138262,golf,100,9199,183,1995,2
255,fastback,1800,893,dark_green,2,diesel,vw,21619,golf,110,27599,183,1996,4
257,fastback,1800,698,dark_blue,2,diesel,vw,149365,golf,110,9499,183,1995,4
258,station_wagon,1800,950,light_gray,5,gasoline,vw,91671,golf,90,13499,183,1995,2
269,fastback,1800,227,black,2,gasoline,vw,81300,golf,60,12699,183,1994,8
270,fastback,1800,605,green,2,diesel,vw,70600,golf,90,17199,183,1996,5
276,fastback,1800,548,silver,2,diesel,vw,7366,golf,110,30999,183,1997,6
283,fastback,1800,755,black,2,gasoline,vw,33554,golf,60,17699,183,1995,0
284,fastback,1800,445,anthracite,2,gasoline,vw,53099,golf,190,30199,183,1996,1
298,station_wagon,1800,262,green,5,diesel,vw,82294,golf,90,15599,183,1994,2
299,station_wagon,1800,536,dark_gray,5,gasoline,vw,24731,golf,115,28499,183,1997,4
306,fastback,1800,307,orange,2,gasoline,vw,15261,golf,174,37899,183,1997,7
308,fastback,1800,112,dark_gray,2,diesel,vw,35196,golf,90,21799,183,1995,7
309,fastback,1800,630,dark_red,2,gasoline,vw,107126,golf,100,11899,183,1995,7
322,fastback,1800,686,dark_green,2,diesel,vw,64860,golf,90,18099,183,1996,7
323,convertible,1800,57,dark_green,2,gasoline,vw,160973,golf,100,7599,183,1994,0
327,fastback,1800,868,anthracite,2,gasoline,vw,85554,golf,100,14199,183,1995,7
338,station_wagon,1800,217,dark_blue,5,diesel,vw,52929,golf,90,19899,183,1996,8
355,station_wagon,1800,490,orange,5,diesel,vw,101413,golf,110,14199,183,1994,3
359,fastback,1800,526,dark_gray,2,gasoline,vw,80645,golf,90,14799,183,1994,9
360,fastback,1800,824,red,2,gasoline,vw,79154,golf,100,14999,183,1994,1
365,station_wagon,1800,102,yellow,5,gasoline,vw,59802,golf,190,28599,183,1996,1
372,fastback,1800,603,green,2,diesel,vw,32957,golf,64,21299,183,1996,8
375,convertible,1800,229,dark_red,2,gasoline,vw,42029,golf,75,19699,183,1996,7
380,fastback,1800,158,blue,2,gasoline,vw,22215,golf,115,23099,183,1995,5
383,station_wagon,1800,753,orange,5,gasoline,vw,71171,golf,75,15499,183,1995,2
394,station_wagon,1800,47,dark_gray,5,gasoline,vw,184763,golf,90,6199,183,1995,3
400,station_wagon,1800,207,dark_red,5,gasoline,vw,37621,golf,115,24999,183,1995,8
401,station_wagon,1800,339,dark_green,5,gasoline,vw,131503,golf,190,15699,183,1995,7
402,station_wagon,1800,392,violet,5,diesel,vw,61536,golf,90,18599,183,1995,0
407,fastback,1800,787,light_gray,2,diesel,vw,172285,golf,90,7399,183,1995,3
409,station_wagon,1800,735,dark_blue,5,gasoline,vw,5245,golf,100,27799,183,1997,2
413,station_wagon,1800,305,red,5,diesel,vw,15964,golf,64,23599,183,1997,0
422,fastback,1800,465,dark_blue,2,diesel,vw,154346,golf,64,7699,183,1995,8
436,convertible,1800,593,dark_blue,2,gasoline,vw,10196,golf,100,26599,183,1997,0
443,fastback,1800,799,dark_blue,2,gasoline,vw,96390,golf,190,20999,183,1995,4
444,station_wagon,1800,369,red,5,diesel,vw,7801,golf,110,30899,183,1997,2
446,fastback,1800,443,green,2,gasoline,vw,14364,golf,75,21699,183,1995,8
454,fastback,1800,919,gray,2,gasoline,vw,8952,golf,174,38399,183,1996,1
457,fastback,1800,278,violet,2,gasoline,vw,46103,golf,90,19599,183,1995,8
462,fastback,1800,23,dark_green,2,diesel,vw,43520,golf,64,19499,183,1996,7
467,station_wagon,1800,418,violet,5,gasoline,vw,54076,golf,100,18499,183,1995,1
469,station_wagon,1800,816,orange,5,diesel,vw,90392,golf,110,15499,183,1996,6
472,convertible,1800,55,green,2,gasoline,vw,106803,golf,90,11899,183,1995,6
475,fastback,1800,45,black,2,gasoline,vw,43924,golf,190,32599,183,1996,7
477,station_wagon,1800,639,green,5,gasoline,vw,46013,golf,90,19799,183,1996,6
478,convertible,1800,138,anthracite,2,gasoline,vw,85505,golf,75,13699,183,1995,1
479,fastback,1800,568,white,2,diesel,vw,82949,golf,64,13999,183,1996,3
481,fastback,1800,696,black,2,diesel,vw,30341,golf,64,21699,183,1997,3
482,station_wagon,1800,475,orange,5,gasoline,vw,149585,golf,60,7199,183,1994,4
484,convertible,1800,337,dark_blue,2,gasoline,vw,125357,golf,100,10199,183,1995,2
489,fastback,1800,838,red,2,gasoline,vw,215968,golf,115,5799,183,1994,1
492,station_wagon,1800,382,gray,5,gasoline,vw,62681,golf,90,17199,183,1996,5
496,convertible,1800,303,dark_gray,2,diesel,vw,151709,golf,110,9299,183,1994,6
504,station_wagon,1800,188,orange,5,gasoline,vw,87273,golf,60,12099,183,1995,8
505,fastback,1800,463,violet,2,gasoline,vw,137010,golf,115,11199,183,1995,4
509,fastback,1800,383,black,2,gasoline,vw,142852,golf,60,7599,183,1995,0
510,fastback,1800,543,gray,2,diesel,vw,60626,golf,64,16899,183,1995,9
524,station_wagon,1800,107,black,5,diesel,vw,11090,golf,90,25499,183,1996,1
525,station_wagon,1800,670,violet,5,diesel,vw,141680,golf,75,8899,183,1995,7
544,fastback,1800,485,yellow,2,diesel,vw,72000,golf,64,15399,183,1995,5
545,convertible,1800,737,gray,2,gasoline,vw,105461,golf,90,11999,183,1995,6
547,fastback,1800,567,dark_green,2,gasoline,vw,46679,golf,174,29099,183,1996,5
548,fastback,1800,842,yellow,2,diesel,vw,135992,golf,75,9299,183,1994,6
554,station_wagon,1800,256,turquoise,5,gasoline,vw,60470,golf,75,16899,183,1995,2
557,station_wagon,1800,599,silver,5,diesel,vw,187960,golf,64,5799,183,1994,7
559,station_wagon,1800,874,white,5,gasoline,vw,79809,golf,75,14399,183,1996,7
564,convertible,1800,473,green,2,gasoline,vw,21261,golf,90,20099,183,1995,8
566,fastback,1800,694,turquoise,2,gasoline,vw,28909,golf,190,29599,183,1994,0
572,station_wagon,1800,373,blue,5,gasoline,vw,155268,golf,190,12899,183,1995,8
574,fastback,1800,922,dark_blue,2,diesel,vw,9487,golf,75,26799,183,1997,4
575,fastback,1800,647,red,2,gasoline,vw,8674,golf,174,37899,183,1996,4
576,station_wagon,1800,312,orange,5,gasoline,vw,38704,golf,60,18099,183,1996,9
578,station_wagon,1800,120,gray,5,gasoline,vw,91379,golf,100,13499,183,1995,1
581,fastback,1800,48,white,2,diesel,vw,67307,golf,90,17699,183,1996,8
584,fastback,1800,840,turquoise,2,diesel,vw,117511,golf,64,10099,183,1994,5
585,fastback,1800,152,violet,2,diesel,vw,16766,golf,110,27999,183,1996,2
591,fastback,1800,97,dark_gray,2,gasoline,vw,102196,golf,60,10699,183,1994,7
596,station_wagon,1800,119,dark_red,5,diesel,vw,97907,golf,64,12399,183,1995,7
597,convertible,1800,300,gray,2,diesel,vw,75103,golf,110,17599,183,1995,3
608,fastback,1800,36,green,2,diesel,vw,157124,golf,110,8899,183,1995,7
609,fastback,1800,852,black,2,gasoline,vw,93012,golf,115,16099,183,1995,1
613,station_wagon,1800,912,green,5,diesel,vw,23723,golf,64,22199,183,1997,5
617,station_wagon,1800,643,dark_red,5,gasoline,vw,6976,golf,90,25299,183,1996,2
618,convertible,1800,322,red,2,diesel,vw,34679,golf,90,23099,183,1995,8
623,convertible,1800,832,green,2,gasoline,vw,92522,golf,75,12999,183,1994,8
626,fastback,1800,271,orange,2,gasoline,vw,154785,golf,115,9599,183,1995,6
628,fastback,1800,156,dark_green,2,gasoline,vw,100542,golf,75,11699,183,1995,3
632,station_wagon,1800,809,violet,5,diesel,vw,48316,golf,64,18699,183,1996,4
635,fastback,1800,41,orange,2,diesel,vw,12518,golf,64,25199,183,1997,8
636,station_wagon,1800,483,light_gray,5,gasoline,vw,73099,golf,100,15799,183,1996,6
637,station_wagon,1800,625,dark_blue,5,gasoline,vw,99817,golf,190,20499,183,1994,2
638,fastback,1800,93,green,2,gasoline,vw,11367,golf,90,26399,183,1997,1
639,fastback,1800,946,red,2,diesel,vw,12200,golf,90,27999,183,1997,8
643,station_wagon,1800,740,light_gray,5,gasoline,vw,131411,golf,100,9699,183,1995,2
645,convertible,1800,134,orange,2,gasoline,vw,69137,golf,115,19699,183,1995,2
649,fastback,1800,587,dark_green,2,gasoline,vw,37514,golf,60,18299,183,1995,5
651,station_wagon,1800,729,white,5,gasoline,vw,41728,golf,190,33199,183,1996,3
653,fastback,1800,71,green,2,gasoline,vw,33514,golf,115,26499,183,1996,3
655,fastback,1800,655,black,2,gasoline,vw,110386,golf,75,10799,183,1995,4
662,convertible,1800,214,orange,2,gasoline,vw,40607,golf,115,21599,183,1994,7
663,convertible,1800,774,red,2,diesel,vw,16323,golf,90,27099,183,1996,5
667,fastback,1800,426,yellow,2,gasoline,vw,88543,golf,190,22499,183,1995,0
669,convertible,1800,226,yellow,2,diesel,vw,164341,golf,110,8399,183,1995,1
675,convertible,1800,387,red,2,gasoline,vw,19616,golf,115,29699,183,1997,6
677,fastback,1800,293,orange,2,gasoline,vw,24606,golf,115,26399,183,1995,9
684,station_wagon,1800,493,orange,5,gasoline,vw,47158,golf,190,31699,183,1996,2
686,convertible,1800,399,red,2,diesel,vw,94993,golf,90,13999,183,1996,7
687,station_wagon,1800,601,yellow,5,diesel,vw,122104,golf,75,10499,183,1995,8
689,station_wagon,1800,506,orange,5,gasoline,vw,91079,golf,90,13599,183,1994,5
698,station_wagon,1800,238,turquoise,5,diesel,vw,16113,golf,64,21199,183,1996,0
699,fastback,1800,645,dark_gray,2,gasoline,vw,54899,golf,75,17699,183,1996,0
701,station_wagon,1800,144,dark_gray,5,diesel,vw,76755,golf,64,14799,183,1995,8
706,convertible,1800,204,orange,2,gasoline,vw,23411,golf,100,23899,183,1996,2
707,fastback,1800,458,blue,2,gasoline,vw,19660,golf,60,21199,183,1997,6
710,fastback,1800,810,dark_blue,2,diesel,vw,30663,golf,90,23999,183,1996,2
711,station_wagon,1800,178,blue,5,gasoline,vw,22951,golf,115,28899,183,1996,9
717,sedan,1800,572,yellow,4,gasoline,vw,9784,golf,75,22999,183,1996,0
743,fastback,1800,663,black,2,gasoline,vw,24127,golf,174,35199,183,1996,8
745,station_wagon,1800,537,turquoise,5,gasoline,vw,159909,golf,60,6599,183,1994,1
748,fastback,1800,847,light_gray,2,gasoline,vw,212443,golf,75,4799,183,1994,4
757,station_wagon,1800,182,red,5,diesel,vw,72794,golf,64,14699,183,1995,1
759,fastback,1800,491,orange,2,gasoline,vw,122661,golf,174,15499,183,1995,7
760,station_wagon,1800,525,blue,5,diesel,vw,80232,golf,64,13799,183,1996,6
763,fastback,1800,938,dark_green,2,gasoline,vw,129714,golf,75,9199,183,1995,2
764,station_wagon,1800,101,violet,5,diesel,vw,9911,golf,110,30399,183,1997,9
769,station_wagon,1800,306,silver,5,gasoline,vw,54444,golf,100,18399,183,1996,5
780,convertible,1800,515,dark_green,2,gasoline,vw,5462,golf,75,26299,183,1997,7
781,fastback,1800,813,anthracite,2,diesel,vw,33409,golf,90,20199,183,1994,8
786,station_wagon,1800,378,dark_green,5,gasoline,vw,161702,golf,190,12199,183,1994,3
787,fastback,1800,653,orange,2,diesel,vw,23670,golf,64,22999,183,1997,6
798,fastback,1800,776,red,2,gasoline,vw,26927,golf,75,19699,183,1995,8
801,station_wagon,1800,103,gray,5,diesel,vw,104732,golf,110,13799,183,1995,6
809,fastback,1800,730,dark_red,2,gasoline,vw,94379,golf,90,13199,183,1996,3
814,station_wagon,1800,125,dark_green,5,diesel,vw,21629,golf,64,23399,183,1997,9
815,convertible,1800,400,green,2,gasoline,vw,67472,golf,115,19899,183,1996,4
823,fastback,1800,81,anthracite;blue,2,diesel,vw,102731,golf,64,11899,183,1995,1
825,station_wagon,1800,170,dark_green,5,gasoline,vw,34058,golf,90,20599,183,1995,9
830,convertible,1800,19,red,2,gasoline,vw,41044,golf,100,18099,183,1994,8
834,station_wagon,1800,906,blue,5,gasoline,vw,80675,golf,60,12799,183,1996,8
844,fastback,1800,368,dark_gray,2,diesel,vw,10242,golf,64,24099,183,1996,4
845,station_wagon,1800,511,yellow,5,diesel,vw,19436,golf,64,23799,183,1997,7
846,convertible,1800,454,dark_red,2,gasoline,vw,124206,golf,115,12399,183,1995,3
854,fastback,1800,569,dark_green,2,gasoline,vw,23154,golf,100,23899,183,1996,5
855,fastback,1800,139,dark_gray,2,gasoline,vw,89053,golf,60,11899,183,1996,0
856,station_wagon,1800,953,turquoise,5,gasoline,vw,107986,golf,75,11399,183,1995,8
866,convertible,1800,488,green,2,diesel,vw,105704,golf,110,13699,183,1996,1
870,fastback,1800,289,yellow,2,gasoline,vw,43911,golf,100,20099,183,1995,5
874,fastback,1800,918,dark_green,2,gasoline,vw,5110,golf,190,44999,183,1997,4
882,station_wagon,1800,683,turquoise,5,gasoline,vw,34694,golf,60,15199,183,1994,3
883,convertible,1800,570,dark_green,2,gasoline,vw,69393,golf,75,15699,183,1994,3
899,station_wagon,1800,430,red,5,gasoline,vw,136708,golf,90,9299,183,1994,3
914,station_wagon,1800,172,orange,5,gasoline,vw,62049,golf,60,14899,183,1996,9
916,station_wagon,1800,827,black,5,gasoline,vw,10784,golf,115,30699,183,1996,5
925,station_wagon,1800,908,dark_green,5,diesel,vw,33686,golf,64,21099,183,1996,3
927,fastback,1800,149,dark_blue,2,gasoline,vw,50194,golf,60,16499,183,1996,3
932,fastback,1800,243,white,2,diesel,vw,40559,golf,110,22299,183,1995,1
934,fastback,1800,150,gray,2,diesel,vw,38652,golf,110,23899,183,1995,6
937,convertible,1800,943,dark_blue,2,gasoline,vw,74991,golf,115,18699,183,1996,1
938,station_wagon,1800,744,light_gray,5,gasoline,vw,58797,golf,115,21399,183,1996,7
940,convertible,1800,299,blue,2,gasoline,vw,22010,golf,100,24099,183,1996,5
950,fastback,1800,535,turquoise,2,diesel,vw,9436,golf,90,28699,183,1997,1
953,fastback,1800,348,gray,2,gasoline,vw,70014,golf,100,16199,183,1995,3
955,fastback,1800,722,dark_red,2,gasoline,vw,25412,golf,100,17899,183,1994,2
52,roadster,3200,456,gray,2,gasoline,bmw,95168,m_roadster,320,41199,241,1994,8
181,roadster,3200,381,orange,2,gasoline,bmw,85680,m_roadster,320,44599,241,1995,7
237,roadster,3200,124,dark_gray,2,gasoline,bmw,11479,m_roadster,320,82699,241,1997,4
262,roadster,3200,290,anthracite,2,gasoline,bmw,130757,m_roadster,320,30599,241,1995,8
421,roadster,3200,422,red,2,gasoline,bmw,16492,m_roadster,320,72899,241,1996,5
756,roadster,3200,242,dark_green,2,gasoline,bmw,41178,m_roadster,320,64599,241,1996,2
797,roadster,3200,501,anthracite,2,gasoline,bmw,27852,m_roadster,320,72199,241,1996,7
5,sedan,3500,223,dark_green,4,gasoline,bmw,24711,m3,320,73299,241,1997,2
50,station_wagon,3500,358,turquoise,5,gasoline,bmw,93995,m3,320,41099,241,1994,8
95,station_wagon,3500,449,turquoise,5,gasoline,bmw,54340,m3,320,57199,241,1996,7
172,coupe,3500,26,orange,2,gasoline,bmw,16819,m3,320,78199,241,1996,6
185,convertible,3500,796,black,2,gasoline,bmw,136316,m3,320,28899,241,1994,7
418,sedan,3500,434,dark_red,4,gasoline,bmw,85298,m3,320,44199,241,1995,0
437,sedan,3500,879,light_gray,4,gasoline,bmw,3740,m3,320,87199,241,1997,7
516,convertible,3500,657,dark_gray,2,gasoline,bmw,103782,m3,320,37899,241,1994,8
588,station_wagon,3500,164,blue,5,gasoline,bmw,63616,m3,320,52999,241,1996,2
642,sedan,3500,244,gray,4,gasoline,bmw,67059,m3,320,51499,241,1995,8
670,coupe,3500,710,red,2,gasoline,bmw,17853,m3,320,77599,241,1996,3
685,sedan,3500,80,gray,4,gasoline,bmw,106825,m3,320,36999,241,1995,8
727,coupe,3500,886,silver,2,gasoline,bmw,96520,m3,320,40299,241,1996,5
728,convertible,3500,789,light_gray,2,gasoline,bmw,44505,m3,320,62099,241,1996,4
742,sedan,3500,588,turquoise,4,gasoline,bmw,75187,m3,320,48099,241,1995,9
767,station_wagon,3500,413,dark_red,5,gasoline,bmw,23053,m3,320,74299,241,1996,0
802,sedan,3500,482,violet,4,gasoline,bmw,97161,m3,320,40099,241,1995,8
827,coupe,3500,903,dark_red,2,gasoline,bmw,47951,m3,320,60399,241,1996,8
828,coupe,3500,72,silver,2,gasoline,bmw,57635,m3,320,55699,241,1996,0
853,coupe,3500,942,yellow,2,gasoline,bmw,14750,m3,320,79599,241,1997,6
881,coupe,3500,415,yellow,2,gasoline,bmw,30574,m3,320,66299,241,1995,7
902,coupe,3500,915,red,2,gasoline,bmw,103070,m3,320,38099,241,1995,5
923,sedan,3500,342,dark_red,4,gasoline,bmw,98276,m3,320,39699,241,1994,5
6,station_wagon,1900,280,white,5,gasoline,vw,55331,passat,150,27099,183,1994,2
19,sedan,1900,875,light_gray,4,diesel,vw,40577,passat,110,29899,183,1996,3
47,station_wagon,1900,955,gray,5,gasoline,vw,23450,passat,100,25799,183,1995,8
49,station_wagon,1900,199,turquoise,5,diesel,vw,46016,passat,110,28599,183,1996,3
59,sedan,1900,335,gray,4,gasoline,vw,15939,passat,150,30299,183,1995,4
60,station_wagon,1900,610,blue,5,gasoline,vw,16347,passat,125,30799,183,1996,5
67,station_wagon,1900,86,white,5,gasoline,vw,52571,passat,125,25199,183,1995,7
105,sedan,1900,532,dark_blue,4,diesel,vw,13701,passat,90,33199,183,1996,3
116,sedan,1900,510,light_gray,4,gasoline,vw,109057,passat,125,15699,183,1995,6
123,sedan,1900,505,dark_green,4,diesel,vw,44921,passat,110,28899,183,1996,8
139,sedan,1900,901,orange,4,gasoline,vw,119900,passat,193,19099,183,1995,1
148,sedan,1900,793,turquoise,4,gasoline,vw,25351,passat,150,33899,183,1996,3
150,sedan,1900,59,turquoise,4,gasoline,vw,109004,passat,100,14499,183,1995,7
158,sedan,1900,602,blue,4,gasoline,vw,80748,passat,193,26499,183,1996,1
160,sedan,1900,157,orange,4,diesel,vw,141859,passat,90,12299,183,1995,8
196,sedan,1900,530,yellow,4,diesel,vw,23213,passat,90,28299,183,1995,7
206,station_wagon,1900,751,yellow,5,gasoline,vw,9294,passat,150,39799,183,1997,5
209,sedan,1900,17,dark_blue,4,diesel,vw,71433,passat,90,22099,183,1995,6
225,sedan,1900,668,dark_red,4,gasoline,vw,88262,passat,193,24899,183,1995,1
244,station_wagon,1900,877,blue,5,gasoline,vw,68001,passat,150,24399,183,1994,6
265,station_wagon,1900,949,dark_green,5,diesel,vw,148498,passat,110,12199,183,1994,8
279,sedan,1900,858,black,4,diesel,vw,32073,passat,110,30999,183,1995,4
290,sedan,1900,812,violet,4,gasoline,vw,162132,passat,100,9299,183,1994,1
291,sedan,1900,629,black,4,diesel,vw,104000,passat,110,17699,183,1996,6
297,sedan,1900,834,silver,4,gasoline,vw,33028,passat,125,29599,183,1996,7
304,sedan,1900,148,light_blue,4,diesel,vw,129801,passat,90,13599,183,1995,1
305,sedan,1900,423,red,4,diesel,vw,83868,passat,110,20899,183,1995,0
307,station_wagon,1900,800,dark_green,5,gasoline,vw,57803,passat,100,22199,183,1996,8
326,sedan,1900,467,dark_blue,4,gasoline,vw,91911,passat,100,16699,183,1995,8
339,station_wagon,1900,780,orange,5,gasoline,vw,45002,passat,125,26799,183,1995,1
368,sedan,1900,891,blue,4,diesel,vw,68993,passat,110,23599,183,1995,2
369,station_wagon,1900,846,dark_gray,5,gasoline,vw,94547,passat,150,19599,183,1995,5
371,station_wagon,1900,252,black,5,gasoline,vw,5285,passat,150,41099,183,1997,2
390,sedan,1900,53,violet,4,gasoline,vw,11888,passat,100,32599,183,1997,8
420,sedan,1900,895,green,4,gasoline,vw,17930,passat,150,30999,183,1995,4
435,sedan,1900,276,dark_green,4,diesel,vw,27554,passat,110,33399,183,1997,1
456,sedan,1900,591,dark_red,4,diesel,vw,96087,passat,90,17999,183,1994,8
459,sedan,1900,871,yellow,4,gasoline,vw,6677,passat,193,49199,183,1997,5
464,sedan,1900,487,dark_gray,4,gasoline,vw,124436,passat,193,18399,183,1995,1
480,sedan,1900,173,red,4,diesel,vw,64113,passat,110,24599,183,1995,5
499,sedan,1900,640,dark_gray,4,gasoline,vw,31141,passat,193,34399,183,1995,3
526,station_wagon,1900,749,dark_green,5,gasoline,vw,46110,passat,150,29299,183,1996,3
533,sedan,1900,715,red,4,gasoline,vw,29458,passat,100,28199,183,1996,7
535,sedan,1900,805,yellow,4,gasoline,vw,59083,passat,125,23799,183,1995,8
542,sedan,1900,200,light_gray,4,diesel,vw,12417,passat,110,37899,183,1997,6
543,station_wagon,1900,361,silver,5,gasoline,vw,53556,passat,125,24999,183,1995,1
594,sedan,1900,660,silver,4,gasoline,vw,44699,passat,125,26899,183,1996,5
595,sedan,1900,224,dark_green,4,diesel,vw,33028,passat,90,27099,183,1995,3
605,sedan,1900,934,dark_green,4,gasoline,vw,10638,passat,193,47599,183,1997,7
615,station_wagon,1900,958,violet,5,diesel,vw,101125,passat,110,18099,183,1995,8
624,sedan,1900,248,light_gray,4,diesel,vw,148905,passat,90,11599,183,1995,9
654,sedan,1900,819,dark_red,4,gasoline,vw,34638,passat,150,27799,183,1994,1
674,station_wagon,1900,888,silver,5,gasoline,vw,105586,passat,100,14899,183,1995,9
696,station_wagon,1900,320,silver,5,gasoline,vw,129624,passat,150,14599,183,1994,5
714,station_wagon,1900,948,orange,5,gasoline,vw,94877,passat,125,17699,183,1996,2
733,station_wagon,1900,56,black,5,gasoline,vw,66674,passat,150,24699,183,1996,4
735,station_wagon,1900,766,black,5,gasoline,vw,19374,passat,125,33199,183,1996,2
747,sedan,1900,904,turquoise,4,gasoline,vw,198121,passat,150,8199,183,1994,3
749,station_wagon,1900,32,yellow,5,gasoline,vw,14464,passat,100,31899,183,1997,7
752,sedan,1900,882,light_gray,4,gasoline,vw,48596,passat,100,22599,183,1994,9
792,sedan,1900,527,orange,4,diesel,vw,104376,passat,90,16799,183,1995,8
794,station_wagon,1900,699,orange,5,gasoline,vw,14084,passat,150,38199,183,1997,7
800,sedan,1900,20,green,4,diesel,vw,139492,passat,110,13099,183,1995,2
810,station_wagon,1900,801,dark_red,5,gasoline,vw,123480,passat,150,15399,183,1995,1
819,station_wagon,1900,328,yellow,5,gasoline,vw,82024,passat,150,21699,183,1995,0
829,sedan,1900,263,yellow,4,gasoline,vw,142443,passat,100,10999,183,1994,6
831,sedan,1900,478,violet,4,gasoline,vw,66889,passat,193,29799,183,1995,5
838,sedan,1900,24,gray,4,gasoline,vw,19469,passat,150,36599,183,1996,4
840,sedan,1900,803,gray,4,gasoline,vw,28017,passat,100,23699,183,1995,7
847,sedan,1900,523,gray,4,diesel,vw,126116,passat,110,14699,183,1995,1
863,sedan,1900,850,turquoise,4,gasoline,vw,23109,passat,125,32199,183,1997,3
888,sedan,1900,825,gray,4,diesel,vw,43957,passat,110,29099,183,1995,8
907,station_wagon,1900,255,light_gray,5,gasoline,vw,39336,passat,150,29799,183,1995,9
66,roadster,2000,314,dark_gray,2,gasoline,mercedes-benz,92871,slk_200,136,25399,183,1996,8
818,roadster,2000,435,violet,2,gasoline,mercedes-benz,131679,slk_200,136,18399,183,1995,8
256,roadster,2300,258,yellow,2,gasoline,mercedes-benz,60503,slk_230_kompressor,192,37399,197,1995,1
433,roadster,2300,589,dark_gray,2,gasoline,mercedes-benz,122510,slk_230_kompressor,192,22299,197,1995,4
463,roadster,2300,33,yellow,2,gasoline,mercedes-benz,95365,slk_230_kompressor,192,27999,197,1995,8
631,roadster,2300,606,yellow,2,gasoline,mercedes-benz,46315,slk_230_kompressor,192,37699,197,1994,9
736,roadster,2300,849,dark_red,2,gasoline,mercedes-benz,44265,slk_230_kompressor,192,42899,197,1996,8
80,roadster,1800,857,orange,2,gasoline,bmw,9546,z3_1.8,115,41599,183,1997,5
83,roadster,1800,544,silver,2,gasoline,bmw,33926,z3_1.8,115,33899,183,1996,2
246,roadster,1800,811,light_gray,2,gasoline,bmw,211484,z3_1.8,115,7699,183,1994,1
486,roadster,1800,822,turquoise;black,2,gasoline,bmw,44901,z3_1.8,115,30999,183,1995,1
640,roadster,1800,612,black,2,gasoline,bmw,94844,z3_1.8,115,20399,183,1995,5
741,roadster,1800,815,dark_red,2,gasoline,bmw,97784,z3_1.8,115,19899,183,1995,9
776,roadster,1800,87,dark_red,2,gasoline,bmw,26897,z3_1.8,115,35999,183,1996,3
833,roadster,1800,841,gray,2,gasoline,bmw,100508,z3_1.8,115,19499,183,1995,1
859,roadster,1800,930,light_gray,2,gasoline,bmw,4493,z3_1.8,115,43099,183,1997,2
188,roadster,1900,194,dark_red,2,gasoline,bmw,27984,z3_1.9,140,39599,183,1996,3
295,roadster,1900,332,dark_blue,2,gasoline,bmw,81371,z3_1.9,140,25399,183,1994,8
527,roadster,1900,673,orange,2,gasoline,bmw,171540,z3_1.9,140,11999,183,1995,2
593,roadster,1900,83,orange,2,gasoline,bmw,94107,z3_1.9,140,22799,183,1995,3
657,roadster,1900,272,dark_gray,2,gasoline,bmw,2778,z3_1.9,140,47599,183,1997,3
822,roadster,1900,498,violet,2,gasoline,bmw,112281,z3_1.9,140,19599,183,1995,1
48,roadster,2800,60,black,2,gasoline,bmw,8678,z3_2.8,191,56699,213,1997,5
64,roadster,2800,222,dark_red,2,gasoline,bmw,56645,z3_2.8,191,37999,213,1995,1
292,roadster,2800,219,yellow,2,gasoline,bmw,130101,z3_2.8,191,20599,213,1995,2
347,roadster,2800,638,dark_green,2,gasoline,bmw,131862,z3_2.8,191,20299,213,1995,5
364,roadster,2800,767,violet,2,gasoline,bmw,8884,z3_2.8,191,56599,213,1997,6
461,roadster,2800,208,orange,2,gasoline,bmw,9904,z3_2.8,191,49699,213,1996,4
644,roadster,2800,180,turquoise,2,gasoline,bmw,97396,z3_2.8,191,27099,213,1995,2
783,roadster,2800,212,light_gray,2,gasoline,bmw,109469,z3_2.8,191,24499,213,1995,7
813,roadster,2800,830,red,2,gasoline,bmw,87821,z3_2.8,191,29299,213,1996,2
839,roadster,2800,329,violet,2,gasoline,bmw,143797,z3_2.8,191,18399,213,1995,3
941,roadster,2800,42,dark_red,2,gasoline,bmw,153899,z3_2.8,191,16899,213,1994,4